#
# A fatal error has been detected by the Java Runtime Environment:
#
#  SIGSEGV (0xb) at pc=0x00000001023739bc, pid=77475, tid=8707
#
# JRE version: OpenJDK Runtime Environment (17.0.6) (build 17.0.6+0-17.0.6b829.9-10027231)
# Java VM: OpenJDK 64-Bit Server VM (17.0.6+0-17.0.6b829.9-10027231, mixed mode, tiered, compressed oops, compressed class ptrs, g1 gc, bsd-aarch64)
# Problematic frame:
# V  [libjvm.dylib+0x97f9bc]  SystemDictionary::resolve_or_fail(Symbol*, Handle, Handle, bool, JavaThread*)+0x28
#
# No core dump will be written. Core dumps have been disabled. To enable core dumping, try "ulimit -c unlimited" before starting Java again
#
# If you would like to submit a bug report, please visit:
#   https://bugreport.java.com/bugreport/crash.jsp
#

---------------  S U M M A R Y ------------

Command Line: -Djava.awt.headless=true -Dorg.gradle.internal.worker.tmpdir=/Users/semsudin.tafilovic/StudioProjects/mapp-engage/mapp-engage-sdk/build/tmp/testDebugUnitTest/work -Dorg.gradle.native=false -agentlib:jdwp=transport=dt_socket,server=n,suspend=y,address=127.0.0.1:53142 -javaagent:/Users/semsudin.tafilovic/.gradle/caches/modules-2/files-2.1/org.jetbrains.kotlinx/kotlinx-coroutines-core-jvm/1.7.3/2b09627576f0989a436a00a4a54b55fa5026fb86/kotlinx-coroutines-core-jvm-1.7.3.jar -Xmx512m -Dfile.encoding=UTF-8 -Duser.country=RS -Duser.language=en -Duser.variant -ea worker.org.gradle.process.internal.worker.GradleWorkerMain 'Gradle Test Executor 14'

Host: "MacBookPro17,1" arm64, 8 cores, 16G, Darwin 23.1.0, macOS 14.1.1 (23B81)
Time: Tue Nov 21 18:10:04 2023 CET elapsed time: 3.923571 seconds (0d 0h 0m 3s)

---------------  T H R E A D  ---------------

Current thread (0x000000012b80bc00):  JavaThread "Test worker @coroutine#1" [_thread_in_vm, id=8707, stack(0x000000016f9d4000,0x000000016fbd7000)]

Stack: [0x000000016f9d4000,0x000000016fbd7000],  sp=0x000000016fbd2f30,  free space=2043k
Native frames: (J=compiled Java code, j=interpreted, Vv=VM code, C=native code)
V  [libjvm.dylib+0x97f9bc]  SystemDictionary::resolve_or_fail(Symbol*, Handle, Handle, bool, JavaThread*)+0x28
V  [libjvm.dylib+0x2b9a34]  ConstantPool::klass_at_impl(constantPoolHandle const&, int, JavaThread*)+0x1e0
V  [libjvm.dylib+0x2ba7c8]  ConstantPool::klass_ref_at(int, JavaThread*)+0x6c
V  [libjvm.dylib+0x692840]  LinkInfo::LinkInfo(constantPoolHandle const&, int, JavaThread*)+0x48
V  [libjvm.dylib+0x696c48]  LinkResolver::resolve_invoke(CallInfo&, Handle, constantPoolHandle const&, int, Bytecodes::Code, JavaThread*)+0x90
V  [libjvm.dylib+0x46e3c8]  InterpreterRuntime::resolve_invoke(JavaThread*, Bytecodes::Code)+0x270
V  [libjvm.dylib+0x46e92c]  InterpreterRuntime::resolve_from_cache(JavaThread*, Bytecodes::Code)+0x98
j  com.appoxee.internal.network.NetworkClientImpl.execute(Lcom/appoxee/internal/network/Request;Lcom/appoxee/internal/network/response/ResponseAdapter;Lkotlin/coroutines/Continuation;)Ljava/lang/Object;+710
v  ~StubRoutines::call_stub
V  [libjvm.dylib+0x474c9c]  JavaCalls::call_helper(JavaValue*, methodHandle const&, JavaCallArguments*, JavaThread*)+0x390
V  [libjvm.dylib+0x83c9d8]  invoke(InstanceKlass*, methodHandle const&, Handle, bool, objArrayHandle, BasicType, objArrayHandle, bool, JavaThread*)+0x90c
V  [libjvm.dylib+0x83c06c]  Reflection::invoke_method(oopDesc*, Handle, objArrayHandle, JavaThread*)+0x144
V  [libjvm.dylib+0x52c3c8]  JVM_InvokeMethod+0x370
j  jdk.internal.reflect.NativeMethodAccessorImpl.invoke0(Ljava/lang/reflect/Method;Ljava/lang/Object;[Ljava/lang/Object;)Ljava/lang/Object;+0 java.base@17.0.6
j  jdk.internal.reflect.NativeMethodAccessorImpl.invoke(Ljava/lang/Object;[Ljava/lang/Object;)Ljava/lang/Object;+133 java.base@17.0.6
j  jdk.internal.reflect.DelegatingMethodAccessorImpl.invoke(Ljava/lang/Object;[Ljava/lang/Object;)Ljava/lang/Object;+6 java.base@17.0.6
j  java.lang.reflect.Method.invoke(Ljava/lang/Object;[Ljava/lang/Object;)Ljava/lang/Object;+59 java.base@17.0.6
j  io.mockk.proxy.jvm.advice.MethodCall.call()Ljava/lang/Object;+27
j  io.mockk.proxy.jvm.advice.SelfCallEliminatorCallable.call()Ljava/lang/Object;+62
j  io.mockk.impl.instantiation.JvmMockFactoryHelper.handleOriginalCall(Ljava/util/concurrent/Callable;Ljava/lang/reflect/Method;)Ljava/lang/Object;+27
j  io.mockk.impl.instantiation.JvmMockFactoryHelper.access$handleOriginalCall(Lio/mockk/impl/instantiation/JvmMockFactoryHelper;Ljava/util/concurrent/Callable;Ljava/lang/reflect/Method;)Ljava/lang/Object;+3
j  io.mockk.impl.instantiation.JvmMockFactoryHelper$mockHandler$1$invocation$1$1.invoke()Ljava/lang/Object;+11
j  io.mockk.impl.stub.MockKStub$handleInvocation$originalPlusToString$1.invoke()Ljava/lang/Object;+24
j  io.mockk.impl.stub.SpyKStub.defaultAnswer(Lio/mockk/Invocation;)Ljava/lang/Object;+10
j  io.mockk.impl.stub.MockKStub.answer(Lio/mockk/Invocation;)Ljava/lang/Object;+169
j  io.mockk.impl.recording.states.AnsweringState.call(Lio/mockk/Invocation;)Ljava/lang/Object;+51
j  io.mockk.impl.recording.CommonCallRecorder.call(Lio/mockk/Invocation;)Ljava/lang/Object;+11
j  io.mockk.impl.stub.MockKStub.handleInvocation(Ljava/lang/Object;Lio/mockk/MethodDescription;Lkotlin/jvm/functions/Function0;[Ljava/lang/Object;Lkotlin/jvm/functions/Function0;)Ljava/lang/Object;+116
j  io.mockk.impl.instantiation.JvmMockFactoryHelper$mockHandler$1.invocation(Ljava/lang/Object;Ljava/lang/reflect/Method;Ljava/util/concurrent/Callable;[Ljava/lang/Object;)Ljava/lang/Object;+125
j  io.mockk.proxy.jvm.advice.Interceptor.call()Ljava/lang/Object;+58
j  com.appoxee.internal.network.NetworkClientImpl.execute(Lcom/appoxee/internal/network/Request;Lcom/appoxee/internal/network/response/ResponseAdapter;Lkotlin/coroutines/Continuation;)Ljava/lang/Object;+995
j  com.appoxee.internal.network.NetworkClientImplTest$test execute request for get device$1.invokeSuspend(Ljava/lang/Object;)Ljava/lang/Object;+491
j  kotlin.coroutines.jvm.internal.BaseContinuationImpl.resumeWith(Ljava/lang/Object;)V+44
j  kotlinx.coroutines.DispatchedTask.run()V+317
j  kotlinx.coroutines.EventLoopImplBase.processNextEvent()J+198
j  kotlinx.coroutines.BlockingCoroutine.joinBlocking()Ljava/lang/Object;+75
j  kotlinx.coroutines.BuildersKt__BuildersKt.runBlocking(Lkotlin/coroutines/CoroutineContext;Lkotlin/jvm/functions/Function2;)Ljava/lang/Object;+158
j  kotlinx.coroutines.BuildersKt.runBlocking(Lkotlin/coroutines/CoroutineContext;Lkotlin/jvm/functions/Function2;)Ljava/lang/Object;+2
j  kotlinx.coroutines.BuildersKt__BuildersKt.runBlocking$default(Lkotlin/coroutines/CoroutineContext;Lkotlin/jvm/functions/Function2;ILjava/lang/Object;)Ljava/lang/Object;+15
j  kotlinx.coroutines.BuildersKt.runBlocking$default(Lkotlin/coroutines/CoroutineContext;Lkotlin/jvm/functions/Function2;ILjava/lang/Object;)Ljava/lang/Object;+4
j  com.appoxee.internal.network.NetworkClientImplTest.test execute request for get device()V+15
v  ~StubRoutines::call_stub
V  [libjvm.dylib+0x474c9c]  JavaCalls::call_helper(JavaValue*, methodHandle const&, JavaCallArguments*, JavaThread*)+0x390
V  [libjvm.dylib+0x83c9d8]  invoke(InstanceKlass*, methodHandle const&, Handle, bool, objArrayHandle, BasicType, objArrayHandle, bool, JavaThread*)+0x90c
V  [libjvm.dylib+0x83c06c]  Reflection::invoke_method(oopDesc*, Handle, objArrayHandle, JavaThread*)+0x144
V  [libjvm.dylib+0x52c3c8]  JVM_InvokeMethod+0x370
j  jdk.internal.reflect.NativeMethodAccessorImpl.invoke0(Ljava/lang/reflect/Method;Ljava/lang/Object;[Ljava/lang/Object;)Ljava/lang/Object;+0 java.base@17.0.6
J 2536 c1 jdk.internal.reflect.NativeMethodAccessorImpl.invoke(Ljava/lang/Object;[Ljava/lang/Object;)Ljava/lang/Object; java.base@17.0.6 (137 bytes) @ 0x00000001059860b4 [0x0000000105985dc0+0x00000000000002f4]
J 1553 c1 jdk.internal.reflect.DelegatingMethodAccessorImpl.invoke(Ljava/lang/Object;[Ljava/lang/Object;)Ljava/lang/Object; java.base@17.0.6 (10 bytes) @ 0x00000001057f2614 [0x00000001057f24c0+0x0000000000000154]
J 1850 c1 java.lang.reflect.Method.invoke(Ljava/lang/Object;[Ljava/lang/Object;)Ljava/lang/Object; java.base@17.0.6 (65 bytes) @ 0x000000010587c4c4 [0x000000010587c380+0x0000000000000144]
j  org.junit.runners.model.FrameworkMethod$1.runReflectiveCall()Ljava/lang/Object;+15
j  org.junit.internal.runners.model.ReflectiveCallable.run()Ljava/lang/Object;+1
j  org.junit.runners.model.FrameworkMethod.invokeExplosively(Ljava/lang/Object;[Ljava/lang/Object;)Ljava/lang/Object;+10
j  org.junit.internal.runners.statements.InvokeMethod.evaluate()V+12
j  org.junit.internal.runners.statements.RunBefores.evaluate()V+41
j  org.junit.internal.runners.statements.RunAfters.evaluate()V+12
j  org.junit.runners.ParentRunner$3.evaluate()V+4
j  org.junit.runners.BlockJUnit4ClassRunner$1.evaluate()V+11
j  org.junit.runners.ParentRunner.runLeaf(Lorg/junit/runners/model/Statement;Lorg/junit/runner/Description;Lorg/junit/runner/notification/RunNotifier;)V+17
j  org.junit.runners.BlockJUnit4ClassRunner.runChild(Lorg/junit/runners/model/FrameworkMethod;Lorg/junit/runner/notification/RunNotifier;)V+38
j  org.junit.runners.BlockJUnit4ClassRunner.runChild(Ljava/lang/Object;Lorg/junit/runner/notification/RunNotifier;)V+6
j  org.junit.runners.ParentRunner$4.run()V+12
j  org.junit.runners.ParentRunner$1.schedule(Ljava/lang/Runnable;)V+1
j  org.junit.runners.ParentRunner.runChildren(Lorg/junit/runner/notification/RunNotifier;)V+44
j  org.junit.runners.ParentRunner.access$100(Lorg/junit/runners/ParentRunner;Lorg/junit/runner/notification/RunNotifier;)V+2
j  org.junit.runners.ParentRunner$2.evaluate()V+8
j  org.junit.runners.ParentRunner$3.evaluate()V+4
j  org.junit.runners.ParentRunner.run(Lorg/junit/runner/notification/RunNotifier;)V+24
j  org.gradle.api.internal.tasks.testing.junit.JUnitTestClassExecutor.runTestClass(Ljava/lang/String;)V+280
j  org.gradle.api.internal.tasks.testing.junit.JUnitTestClassExecutor.execute(Ljava/lang/String;)V+12
j  org.gradle.api.internal.tasks.testing.junit.JUnitTestClassExecutor.execute(Ljava/lang/Object;)V+5
j  org.gradle.api.internal.tasks.testing.junit.AbstractJUnitTestClassProcessor.processTestClass(Lorg/gradle/api/internal/tasks/testing/TestClassRunInfo;)V+26
j  org.gradle.api.internal.tasks.testing.SuiteTestClassProcessor.processTestClass(Lorg/gradle/api/internal/tasks/testing/TestClassRunInfo;)V+5
v  ~StubRoutines::call_stub
V  [libjvm.dylib+0x474c9c]  JavaCalls::call_helper(JavaValue*, methodHandle const&, JavaCallArguments*, JavaThread*)+0x390
V  [libjvm.dylib+0x83c9d8]  invoke(InstanceKlass*, methodHandle const&, Handle, bool, objArrayHandle, BasicType, objArrayHandle, bool, JavaThread*)+0x90c
V  [libjvm.dylib+0x83c06c]  Reflection::invoke_method(oopDesc*, Handle, objArrayHandle, JavaThread*)+0x144
V  [libjvm.dylib+0x52c3c8]  JVM_InvokeMethod+0x370
j  jdk.internal.reflect.NativeMethodAccessorImpl.invoke0(Ljava/lang/reflect/Method;Ljava/lang/Object;[Ljava/lang/Object;)Ljava/lang/Object;+0 java.base@17.0.6
j  jdk.internal.reflect.NativeMethodAccessorImpl.invoke(Ljava/lang/Object;[Ljava/lang/Object;)Ljava/lang/Object;+133 java.base@17.0.6
j  jdk.internal.reflect.DelegatingMethodAccessorImpl.invoke(Ljava/lang/Object;[Ljava/lang/Object;)Ljava/lang/Object;+6 java.base@17.0.6
j  java.lang.reflect.Method.invoke(Ljava/lang/Object;[Ljava/lang/Object;)Ljava/lang/Object;+59 java.base@17.0.6
j  org.gradle.internal.dispatch.ReflectionDispatch.dispatch(Lorg/gradle/internal/dispatch/MethodInvocation;)V+19
j  org.gradle.internal.dispatch.ReflectionDispatch.dispatch(Ljava/lang/Object;)V+5
j  org.gradle.internal.dispatch.ContextClassLoaderDispatch.dispatch(Ljava/lang/Object;)V+22
j  org.gradle.internal.dispatch.ProxyDispatchAdapter$DispatchingInvocationHandler.invoke(Ljava/lang/Object;Ljava/lang/reflect/Method;[Ljava/lang/Object;)Ljava/lang/Object;+177
j  jdk.proxy1.$Proxy2.processTestClass(Lorg/gradle/api/internal/tasks/testing/TestClassRunInfo;)V+16 jdk.proxy1
j  org.gradle.api.internal.tasks.testing.worker.TestWorker$2.run()V+34
j  org.gradle.api.internal.tasks.testing.worker.TestWorker.executeAndMaintainThreadName(Ljava/lang/Runnable;)V+1
j  org.gradle.api.internal.tasks.testing.worker.TestWorker.execute(Lorg/gradle/process/internal/worker/WorkerProcessContext;)V+80
j  org.gradle.api.internal.tasks.testing.worker.TestWorker.execute(Ljava/lang/Object;)V+5
j  org.gradle.process.internal.worker.child.ActionExecutionWorker.execute(Lorg/gradle/process/internal/worker/WorkerProcessContext;)V+65
j  org.gradle.process.internal.worker.child.SystemApplicationClassLoaderWorker.call()Ljava/lang/Void;+293
j  org.gradle.process.internal.worker.child.SystemApplicationClassLoaderWorker.call()Ljava/lang/Object;+1
j  worker.org.gradle.process.internal.worker.GradleWorkerMain.run()V+250
j  worker.org.gradle.process.internal.worker.GradleWorkerMain.main([Ljava/lang/String;)V+7
v  ~StubRoutines::call_stub
V  [libjvm.dylib+0x474c9c]  JavaCalls::call_helper(JavaValue*, methodHandle const&, JavaCallArguments*, JavaThread*)+0x390
V  [libjvm.dylib+0x4d8b18]  jni_invoke_static(JNIEnv_*, JavaValue*, _jobject*, JNICallType, _jmethodID*, JNI_ArgumentPusher*, JavaThread*)+0x110
V  [libjvm.dylib+0x4dc134]  jni_CallStaticVoidMethod+0x130
...<more frames>...

Java frames: (J=compiled Java code, j=interpreted, Vv=VM code)
j  com.appoxee.internal.network.NetworkClientImpl.execute(Lcom/appoxee/internal/network/Request;Lcom/appoxee/internal/network/response/ResponseAdapter;Lkotlin/coroutines/Continuation;)Ljava/lang/Object;+710
v  ~StubRoutines::call_stub
j  jdk.internal.reflect.NativeMethodAccessorImpl.invoke0(Ljava/lang/reflect/Method;Ljava/lang/Object;[Ljava/lang/Object;)Ljava/lang/Object;+0 java.base@17.0.6
j  jdk.internal.reflect.NativeMethodAccessorImpl.invoke(Ljava/lang/Object;[Ljava/lang/Object;)Ljava/lang/Object;+133 java.base@17.0.6
j  jdk.internal.reflect.DelegatingMethodAccessorImpl.invoke(Ljava/lang/Object;[Ljava/lang/Object;)Ljava/lang/Object;+6 java.base@17.0.6
j  java.lang.reflect.Method.invoke(Ljava/lang/Object;[Ljava/lang/Object;)Ljava/lang/Object;+59 java.base@17.0.6
j  io.mockk.proxy.jvm.advice.MethodCall.call()Ljava/lang/Object;+27
j  io.mockk.proxy.jvm.advice.SelfCallEliminatorCallable.call()Ljava/lang/Object;+62
j  io.mockk.impl.instantiation.JvmMockFactoryHelper.handleOriginalCall(Ljava/util/concurrent/Callable;Ljava/lang/reflect/Method;)Ljava/lang/Object;+27
j  io.mockk.impl.instantiation.JvmMockFactoryHelper.access$handleOriginalCall(Lio/mockk/impl/instantiation/JvmMockFactoryHelper;Ljava/util/concurrent/Callable;Ljava/lang/reflect/Method;)Ljava/lang/Object;+3
j  io.mockk.impl.instantiation.JvmMockFactoryHelper$mockHandler$1$invocation$1$1.invoke()Ljava/lang/Object;+11
j  io.mockk.impl.stub.MockKStub$handleInvocation$originalPlusToString$1.invoke()Ljava/lang/Object;+24
j  io.mockk.impl.stub.SpyKStub.defaultAnswer(Lio/mockk/Invocation;)Ljava/lang/Object;+10
j  io.mockk.impl.stub.MockKStub.answer(Lio/mockk/Invocation;)Ljava/lang/Object;+169
j  io.mockk.impl.recording.states.AnsweringState.call(Lio/mockk/Invocation;)Ljava/lang/Object;+51
j  io.mockk.impl.recording.CommonCallRecorder.call(Lio/mockk/Invocation;)Ljava/lang/Object;+11
j  io.mockk.impl.stub.MockKStub.handleInvocation(Ljava/lang/Object;Lio/mockk/MethodDescription;Lkotlin/jvm/functions/Function0;[Ljava/lang/Object;Lkotlin/jvm/functions/Function0;)Ljava/lang/Object;+116
j  io.mockk.impl.instantiation.JvmMockFactoryHelper$mockHandler$1.invocation(Ljava/lang/Object;Ljava/lang/reflect/Method;Ljava/util/concurrent/Callable;[Ljava/lang/Object;)Ljava/lang/Object;+125
j  io.mockk.proxy.jvm.advice.Interceptor.call()Ljava/lang/Object;+58
j  com.appoxee.internal.network.NetworkClientImpl.execute(Lcom/appoxee/internal/network/Request;Lcom/appoxee/internal/network/response/ResponseAdapter;Lkotlin/coroutines/Continuation;)Ljava/lang/Object;+995
j  com.appoxee.internal.network.NetworkClientImplTest$test execute request for get device$1.invokeSuspend(Ljava/lang/Object;)Ljava/lang/Object;+491
j  kotlin.coroutines.jvm.internal.BaseContinuationImpl.resumeWith(Ljava/lang/Object;)V+44
j  kotlinx.coroutines.DispatchedTask.run()V+317
j  kotlinx.coroutines.EventLoopImplBase.processNextEvent()J+198
j  kotlinx.coroutines.BlockingCoroutine.joinBlocking()Ljava/lang/Object;+75
j  kotlinx.coroutines.BuildersKt__BuildersKt.runBlocking(Lkotlin/coroutines/CoroutineContext;Lkotlin/jvm/functions/Function2;)Ljava/lang/Object;+158
j  kotlinx.coroutines.BuildersKt.runBlocking(Lkotlin/coroutines/CoroutineContext;Lkotlin/jvm/functions/Function2;)Ljava/lang/Object;+2
j  kotlinx.coroutines.BuildersKt__BuildersKt.runBlocking$default(Lkotlin/coroutines/CoroutineContext;Lkotlin/jvm/functions/Function2;ILjava/lang/Object;)Ljava/lang/Object;+15
j  kotlinx.coroutines.BuildersKt.runBlocking$default(Lkotlin/coroutines/CoroutineContext;Lkotlin/jvm/functions/Function2;ILjava/lang/Object;)Ljava/lang/Object;+4
j  com.appoxee.internal.network.NetworkClientImplTest.test execute request for get device()V+15
v  ~StubRoutines::call_stub
j  jdk.internal.reflect.NativeMethodAccessorImpl.invoke0(Ljava/lang/reflect/Method;Ljava/lang/Object;[Ljava/lang/Object;)Ljava/lang/Object;+0 java.base@17.0.6
J 2536 c1 jdk.internal.reflect.NativeMethodAccessorImpl.invoke(Ljava/lang/Object;[Ljava/lang/Object;)Ljava/lang/Object; java.base@17.0.6 (137 bytes) @ 0x00000001059860b4 [0x0000000105985dc0+0x00000000000002f4]
J 1553 c1 jdk.internal.reflect.DelegatingMethodAccessorImpl.invoke(Ljava/lang/Object;[Ljava/lang/Object;)Ljava/lang/Object; java.base@17.0.6 (10 bytes) @ 0x00000001057f2614 [0x00000001057f24c0+0x0000000000000154]
J 1850 c1 java.lang.reflect.Method.invoke(Ljava/lang/Object;[Ljava/lang/Object;)Ljava/lang/Object; java.base@17.0.6 (65 bytes) @ 0x000000010587c4c4 [0x000000010587c380+0x0000000000000144]
j  org.junit.runners.model.FrameworkMethod$1.runReflectiveCall()Ljava/lang/Object;+15
j  org.junit.internal.runners.model.ReflectiveCallable.run()Ljava/lang/Object;+1
j  org.junit.runners.model.FrameworkMethod.invokeExplosively(Ljava/lang/Object;[Ljava/lang/Object;)Ljava/lang/Object;+10
j  org.junit.internal.runners.statements.InvokeMethod.evaluate()V+12
j  org.junit.internal.runners.statements.RunBefores.evaluate()V+41
j  org.junit.internal.runners.statements.RunAfters.evaluate()V+12
j  org.junit.runners.ParentRunner$3.evaluate()V+4
j  org.junit.runners.BlockJUnit4ClassRunner$1.evaluate()V+11
j  org.junit.runners.ParentRunner.runLeaf(Lorg/junit/runners/model/Statement;Lorg/junit/runner/Description;Lorg/junit/runner/notification/RunNotifier;)V+17
j  org.junit.runners.BlockJUnit4ClassRunner.runChild(Lorg/junit/runners/model/FrameworkMethod;Lorg/junit/runner/notification/RunNotifier;)V+38
j  org.junit.runners.BlockJUnit4ClassRunner.runChild(Ljava/lang/Object;Lorg/junit/runner/notification/RunNotifier;)V+6
j  org.junit.runners.ParentRunner$4.run()V+12
j  org.junit.runners.ParentRunner$1.schedule(Ljava/lang/Runnable;)V+1
j  org.junit.runners.ParentRunner.runChildren(Lorg/junit/runner/notification/RunNotifier;)V+44
j  org.junit.runners.ParentRunner.access$100(Lorg/junit/runners/ParentRunner;Lorg/junit/runner/notification/RunNotifier;)V+2
j  org.junit.runners.ParentRunner$2.evaluate()V+8
j  org.junit.runners.ParentRunner$3.evaluate()V+4
j  org.junit.runners.ParentRunner.run(Lorg/junit/runner/notification/RunNotifier;)V+24
j  org.gradle.api.internal.tasks.testing.junit.JUnitTestClassExecutor.runTestClass(Ljava/lang/String;)V+280
j  org.gradle.api.internal.tasks.testing.junit.JUnitTestClassExecutor.execute(Ljava/lang/String;)V+12
j  org.gradle.api.internal.tasks.testing.junit.JUnitTestClassExecutor.execute(Ljava/lang/Object;)V+5
j  org.gradle.api.internal.tasks.testing.junit.AbstractJUnitTestClassProcessor.processTestClass(Lorg/gradle/api/internal/tasks/testing/TestClassRunInfo;)V+26
j  org.gradle.api.internal.tasks.testing.SuiteTestClassProcessor.processTestClass(Lorg/gradle/api/internal/tasks/testing/TestClassRunInfo;)V+5
v  ~StubRoutines::call_stub
j  jdk.internal.reflect.NativeMethodAccessorImpl.invoke0(Ljava/lang/reflect/Method;Ljava/lang/Object;[Ljava/lang/Object;)Ljava/lang/Object;+0 java.base@17.0.6
j  jdk.internal.reflect.NativeMethodAccessorImpl.invoke(Ljava/lang/Object;[Ljava/lang/Object;)Ljava/lang/Object;+133 java.base@17.0.6
j  jdk.internal.reflect.DelegatingMethodAccessorImpl.invoke(Ljava/lang/Object;[Ljava/lang/Object;)Ljava/lang/Object;+6 java.base@17.0.6
j  java.lang.reflect.Method.invoke(Ljava/lang/Object;[Ljava/lang/Object;)Ljava/lang/Object;+59 java.base@17.0.6
j  org.gradle.internal.dispatch.ReflectionDispatch.dispatch(Lorg/gradle/internal/dispatch/MethodInvocation;)V+19
j  org.gradle.internal.dispatch.ReflectionDispatch.dispatch(Ljava/lang/Object;)V+5
j  org.gradle.internal.dispatch.ContextClassLoaderDispatch.dispatch(Ljava/lang/Object;)V+22
j  org.gradle.internal.dispatch.ProxyDispatchAdapter$DispatchingInvocationHandler.invoke(Ljava/lang/Object;Ljava/lang/reflect/Method;[Ljava/lang/Object;)Ljava/lang/Object;+177
j  jdk.proxy1.$Proxy2.processTestClass(Lorg/gradle/api/internal/tasks/testing/TestClassRunInfo;)V+16 jdk.proxy1
j  org.gradle.api.internal.tasks.testing.worker.TestWorker$2.run()V+34
j  org.gradle.api.internal.tasks.testing.worker.TestWorker.executeAndMaintainThreadName(Ljava/lang/Runnable;)V+1
j  org.gradle.api.internal.tasks.testing.worker.TestWorker.execute(Lorg/gradle/process/internal/worker/WorkerProcessContext;)V+80
j  org.gradle.api.internal.tasks.testing.worker.TestWorker.execute(Ljava/lang/Object;)V+5
j  org.gradle.process.internal.worker.child.ActionExecutionWorker.execute(Lorg/gradle/process/internal/worker/WorkerProcessContext;)V+65
j  org.gradle.process.internal.worker.child.SystemApplicationClassLoaderWorker.call()Ljava/lang/Void;+293
j  org.gradle.process.internal.worker.child.SystemApplicationClassLoaderWorker.call()Ljava/lang/Object;+1
j  worker.org.gradle.process.internal.worker.GradleWorkerMain.run()V+250
j  worker.org.gradle.process.internal.worker.GradleWorkerMain.main([Ljava/lang/String;)V+7
v  ~StubRoutines::call_stub

siginfo: si_signo: 11 (SIGSEGV), si_code: 2 (SEGV_ACCERR), si_addr: 0x000000000069006b

Register to memory mapping:

 x0=0x0000000000690067 is an unknown value
 x1=0x0000600003930090 points into unknown readable memory: 0x00000007e04192b8 | b8 92 41 e0 07 00 00 00
 x2=0x0000600003930098 points into unknown readable memory: 0x00000007e0419638 | 38 96 41 e0 07 00 00 00
 x3=0x0000000000000001 is an unknown value
 x4=0x000000012b80bc00 is a thread
 x5=0x000000012b80bc00 is a thread
 x6=0x000000012b80bc00 is a thread
 x7=0x0000000000000380 is an unknown value
 x8=0x0 is NULL
 x9=0x00006000039300e8 points into unknown readable memory: 0x0000000000000000 | 00 00 00 00 00 00 00 00
x10=0x0 is NULL
x11=0x000000000000000e is an unknown value
x12=0x00000000000000ab is an unknown value
x13=0x0 is NULL
x14=0x00000001026c00c0: _ZL15vm_symbol_index+0 in /Applications/Android Studio.app/Contents/jbr/Contents/Home/lib/server/libjvm.dylib at 0x00000001019f4000
x15=0x0000000121049f90 points into unknown readable memory: 0x6e69000bbe93ffff | ff ff 93 be 0b 00 69 6e
x16=0x000000018ac5ddb4: pthread_jit_write_protect_np+0 in /usr/lib/system/libsystem_pthread.dylib at 0x000000018ac56000
x17=0x0000600002d39730 points into unknown readable memory: 0xfffffffffffffffe | fe ff ff ff ff ff ff ff
x18=0x0 is NULL
x19=0x000000012b80bc00 is a thread
x20=0x0000000000000001 is an unknown value
x21=0x0000000000690067 is an unknown value
x22=0x0000600003930098 points into unknown readable memory: 0x00000007e0419638 | 38 96 41 e0 07 00 00 00
x23=0x0000600003930090 points into unknown readable memory: 0x00000007e04192b8 | b8 92 41 e0 07 00 00 00
x24=0x0000600003930098 points into unknown readable memory: 0x00000007e0419638 | 38 96 41 e0 07 00 00 00
x25=0x00000007e0419638 is an oop: java.security.ProtectionDomain 
{0x00000007e0419638} - klass: 'java/security/ProtectionDomain'
 - ---- fields (total size 5 words):
 - private 'hasAllPerm' 'Z' @12  false
 - private final 'staticPermissions' 'Z' @13  false
 - private 'codesource' 'Ljava/security/CodeSource;' @16  a 'java/security/CodeSource'{0x00000007e0419660} (fc0832cc)
 - private 'classloader' 'Ljava/lang/ClassLoader;' @20  a 'jdk/internal/loader/ClassLoaders$AppClassLoader'{0x00000007e04192b8} (fc083257)
 - private 'principals' '[Ljava/security/Principal;' @24  a 'java/security/Principal'[0] {0x00000007e0419898} (fc083313)
 - private 'permissions' 'Ljava/security/PermissionCollection;' @28  a 'sun/security/util/LazyCodeSourcePermissionCollection'{0x00000007e04198a8} (fc083315)
 - final 'key' 'Ljava/security/ProtectionDomain$Key;' @32  a 'java/security/ProtectionDomain$Key'{0x00000007e0419b70} (fc08336e)
x26=0x000060000133c880 points into unknown readable memory: 0x0000000000000002 | 02 00 00 00 00 00 00 00
x27=0x000000000000b0c0 is an unknown value
x28=0x000000000000000a is an unknown value


Registers:
 x0=0x0000000000690067  x1=0x0000600003930090  x2=0x0000600003930098  x3=0x0000000000000001
 x4=0x000000012b80bc00  x5=0x000000012b80bc00  x6=0x000000012b80bc00  x7=0x0000000000000380
 x8=0x0000000000000000  x9=0x00006000039300e8 x10=0x0000000000000000 x11=0x000000000000000e
x12=0x00000000000000ab x13=0x0000000000000000 x14=0x00000001026c00c0 x15=0x0000000121049f90
x16=0x000000018ac5ddb4 x17=0x0000600002d39730 x18=0x0000000000000000 x19=0x000000012b80bc00
x20=0x0000000000000001 x21=0x0000000000690067 x22=0x0000600003930098 x23=0x0000600003930090
x24=0x0000600003930098 x25=0x00000007e0419638 x26=0x000060000133c880 x27=0x000000000000b0c0
x28=0x000000000000000a  fp=0x000000016fbd2f60  lr=0x0000000101cada34  sp=0x000000016fbd2f30
pc=0x00000001023739bc cpsr=0x0000000080001000
Top of Stack: (sp=0x000000016fbd2f30)
0x000000016fbd2f30:   0000600003930098 0000600003930090
0x000000016fbd2f40:   0000000000690067 000000000000000a
0x000000016fbd2f50:   000000016fbd2fd8 000000012b80bc00
0x000000016fbd2f60:   000000016fbd2fc0 0000000101cada34
0x000000016fbd2f70:   000000012b80bc00 0000000000000000
0x000000016fbd2f80:   000000016fbd3110 000000011d648678
0x000000016fbd2f90:   0000000000000000 000000012b80bc00
0x000000016fbd2fa0:   000000000000ca36 000000000000000a
0x000000016fbd2fb0:   000000011d6463e0 000000012b80bc00
0x000000016fbd2fc0:   000000016fbd3010 0000000101cae7c8
0x000000016fbd2fd0:   000000010ca39590 000000011d6463e0
0x000000016fbd2fe0:   000000012b80bc00 000000011d6463e0
0x000000016fbd2ff0:   000000000000ca36 000000016fbd3150
0x000000016fbd3000:   000000016fbd3098 000000016fbd3078
0x000000016fbd3010:   000000016fbd3060 0000000102086840
0x000000016fbd3020:   000000011732ea80 0000000000000001
0x000000016fbd3030:   0000000000000000 000000011d6482f6
0x000000016fbd3040:   0000000000000000 000000016fbd3078
0x000000016fbd3050:   000000016fbd3110 000000012b80bc00
0x000000016fbd3060:   000000016fbd30d0 000000010208ac48
0x000000016fbd3070:   000000016fbd3100 000000010ca3a270
0x000000016fbd3080:   000000011732e238 000000012b80bc00
0x000000016fbd3090:   000000016fbd30b0 0000000000000000
0x000000016fbd30a0:   0000000000000000 000000016f003110
0x000000016fbd30b0:   0000000000000000 000000016fbd3118
0x000000016fbd30c0:   000000012b80bc00 00000000000000b8
0x000000016fbd30d0:   000000016fbd31f0 0000000101e623c8
0x000000016fbd30e0:   000000016fbd32c8 000000010ca3e500
0x000000016fbd30f0:   000000011732e22c 0000000102670578
0x000000016fbd3100:   0000000000000000 0000000000000000
0x000000016fbd3110:   000000016fbd32b0 0000000000000000
0x000000016fbd3120:   0000000000000000 0000000000000000 

Instructions: (pc=0x00000001023739bc)
0x00000001023738bc:   f9400260 97ec07c1 3607ff40 d2800013
0x00000001023738cc:   aa1303e0 a9417bfd a8c24ff4 d65f03c0
0x00000001023738dc:   d10103ff a90157f6 a9024ff4 a9037bfd
0x00000001023738ec:   9100c3fd aa0203f4 aa0103f3 b4000200
0x00000001023738fc:   aa0003f5 94043e95 7140401f 5400034b
0x000000010237390c:   529fffe8 f0000d01 9129c821 f0000d04
0x000000010237391c:   912adc84 a90057e8 aa1403e0 52801a22
0x000000010237392c:   aa1303e3 97e750c1 14000009 f0000d01
0x000000010237393c:   9129c821 f0000d04 912a8c84 aa1403e0
0x000000010237394c:   52801982 aa1303e3 97e75023 d2800000
0x000000010237395c:   a9437bfd a9424ff4 a94157f6 910103ff
0x000000010237396c:   d65f03c0 aa1503e0 94043e78 aa0003e1
0x000000010237397c:   aa1503e0 a9437bfd a9424ff4 a94157f6
0x000000010237398c:   910103ff 17ffe260 a9bc5ff8 a90157f6
0x000000010237399c:   a9024ff4 a9037bfd 9100c3fd aa0403f3
0x00000001023739ac:   aa0303f4 aa0203f6 aa0103f7 aa0003f5
0x00000001023739bc:   79400808 7100091f 540001e3 39401aa8
0x00000001023739cc:   71016d1f 54000181 aa1503e0 97fddb5a
0x00000001023739dc:   34000120 aa1503e0 aa1703e1 aa1603e2
0x00000001023739ec:   aa1303e3 940000bd aa0003f6 b5000120
0x00000001023739fc:   1400000a aa1503e0 aa1703e1 aa1603e2
0x0000000102373a0c:   aa1303e3 94000105 aa0003f6 b4000060
0x0000000102373a1c:   f9400668 b4000108 aa1503e0 aa1403e1
0x0000000102373a2c:   aa1303e2 9400002b f9400668 b4000048
0x0000000102373a3c:   d2800016 aa1603e0 a9437bfd a9424ff4
0x0000000102373a4c:   a94157f6 a8c45ff8 d65f03c0 a9bd57f6
0x0000000102373a5c:   a9014ff4 a9027bfd 910083fd aa0303f3
0x0000000102373a6c:   aa0203f4 aa0103f5 aa0003f6 79400808
0x0000000102373a7c:   7100091f 540001e3 39401ac8 71016d1f
0x0000000102373a8c:   54000181 aa1603e0 97fddb2b 34000120
0x0000000102373a9c:   aa1603e0 aa1503e1 aa1403e2 aa1303e3
0x0000000102373aac:   a9427bfd a9414ff4 a8c357f6 1400008b 


Stack slot to memory mapping:
stack at sp + 0 slots: 0x0000600003930098 points into unknown readable memory: 0x00000007e0419638 | 38 96 41 e0 07 00 00 00
stack at sp + 1 slots: 0x0000600003930090 points into unknown readable memory: 0x00000007e04192b8 | b8 92 41 e0 07 00 00 00
stack at sp + 2 slots: 0x0000000000690067 is an unknown value
stack at sp + 3 slots: 0x000000000000000a is an unknown value
stack at sp + 4 slots: 0x000000016fbd2fd8 is pointing into the stack for thread: 0x000000012b80bc00
stack at sp + 5 slots: 0x000000012b80bc00 is a thread
stack at sp + 6 slots: 0x000000016fbd2fc0 is pointing into the stack for thread: 0x000000012b80bc00
stack at sp + 7 slots: 0x0000000101cada34: _ZN12ConstantPool13klass_at_implERK18constantPoolHandleiP10JavaThread+0x1e0 in /Applications/Android Studio.app/Contents/jbr/Contents/Home/lib/server/libjvm.dylib at 0x00000001019f4000


---------------  P R O C E S S  ---------------

Threads class SMR info:
_java_thread_list=0x000060000078dca0, length=22, elements={
0x000000012b80bc00, 0x000000012b020c00, 0x000000012b00f800, 0x000000011b011600,
0x000000011b00ce00, 0x000000011b00d400, 0x000000011b00da00, 0x000000011b00e000,
0x000000011b025800, 0x000000012b09f800, 0x000000012b94d200, 0x000000012b8e0c00,
0x0000000119823600, 0x000000011b025e00, 0x000000011b026c00, 0x000000012b94d800,
0x0000000119954400, 0x000000012b028a00, 0x000000011b371400, 0x0000000119a0aa00,
0x000000012bdba000, 0x000000011ebafa00
}

Java Threads: ( => current thread )
=>0x000000012b80bc00 JavaThread "Test worker @coroutine#1" [_thread_in_vm, id=8707, stack(0x000000016f9d4000,0x000000016fbd7000)]
  0x000000012b020c00 JavaThread "Reference Handler" daemon [_thread_blocked, id=18947, stack(0x0000000170828000,0x0000000170a2b000)]
  0x000000012b00f800 JavaThread "Finalizer" daemon [_thread_blocked, id=18435, stack(0x0000000170a34000,0x0000000170c37000)]
  0x000000011b011600 JavaThread "Signal Dispatcher" daemon [_thread_blocked, id=23299, stack(0x0000000170d58000,0x0000000170f5b000)]
  0x000000011b00ce00 JavaThread "Service Thread" daemon [_thread_blocked, id=31235, stack(0x0000000170f64000,0x0000000171167000)]
  0x000000011b00d400 JavaThread "Monitor Deflation Thread" daemon [_thread_blocked, id=30723, stack(0x0000000171170000,0x0000000171373000)]
  0x000000011b00da00 JavaThread "C2 CompilerThread0" daemon [_thread_blocked, id=24067, stack(0x000000017137c000,0x000000017157f000)]
  0x000000011b00e000 JavaThread "C1 CompilerThread0" daemon [_thread_blocked, id=30467, stack(0x0000000171588000,0x000000017178b000)]
  0x000000011b025800 JavaThread "Sweeper thread" daemon [_thread_blocked, id=29955, stack(0x0000000171794000,0x0000000171997000)]
  0x000000012b09f800 JavaThread "Common-Cleaner" daemon [_thread_blocked, id=29443, stack(0x00000001719a0000,0x0000000171ba3000)]
  0x000000012b94d200 JavaThread "JDWP Transport Listener: dt_socket" daemon [_thread_blocked, id=24835, stack(0x0000000171bac000,0x0000000171daf000)]
  0x000000012b8e0c00 JavaThread "JDWP Event Helper Thread" daemon [_thread_blocked, id=29187, stack(0x0000000171db8000,0x0000000171fbb000)]
  0x0000000119823600 JavaThread "JDWP Command Reader" daemon [_thread_in_native, id=25603, stack(0x0000000171fc4000,0x00000001721c7000)]
  0x000000011b025e00 JavaThread "Coroutines Debugger Cleaner" daemon [_thread_blocked, id=28931, stack(0x00000001721d0000,0x00000001723d3000)]
  0x000000011b026c00 JavaThread "Notification Thread" daemon [_thread_blocked, id=26371, stack(0x00000001723dc000,0x00000001725df000)]
  0x000000012b94d800 JavaThread "/127.0.0.1:53147 to /127.0.0.1:53144 workers" [_thread_blocked, id=27907, stack(0x00000001727f4000,0x00000001729f7000)]
  0x0000000119954400 JavaThread "/127.0.0.1:53147 to /127.0.0.1:53144 workers Thread 2" [_thread_blocked, id=27395, stack(0x0000000172a00000,0x0000000172c03000)]
  0x000000012b028a00 JavaThread "/127.0.0.1:53147 to /127.0.0.1:53144 workers Thread 3" [_thread_in_native, id=26883, stack(0x0000000172c0c000,0x0000000172e0f000)]
  0x000000011b371400 JavaThread "process reaper" daemon [_thread_blocked, id=41219, stack(0x0000000173e78000,0x0000000173eaf000)]
  0x0000000119a0aa00 JavaThread "Attach Listener" daemon [_thread_blocked, id=40963, stack(0x0000000173eb8000,0x00000001740bb000)]
  0x000000012bdba000 JavaThread "MockWebServer 8080" [_thread_in_native, id=40195, stack(0x00000001742d0000,0x00000001744d3000)]
  0x000000011ebafa00 JavaThread "MockWebServer /127.0.0.1:53151" [_thread_in_native, id=39939, stack(0x00000001744dc000,0x00000001746df000)]

Other Threads:
  0x000000012c006000 VMThread "VM Thread" [stack: 0x000000017061c000,0x000000017081f000] [id=19459]
  0x000000012c0146f0 WatcherThread [stack: 0x00000001725e8000,0x00000001727eb000] [id=28419]
  0x000000012ae07ff0 GCTaskThread "GC Thread#0" [stack: 0x000000016fbe0000,0x000000016fde3000] [id=13315]
  0x000000012ae2eae0 GCTaskThread "GC Thread#1" [stack: 0x0000000172e18000,0x000000017301b000] [id=32771]
  0x000000012ae2ed90 GCTaskThread "GC Thread#2" [stack: 0x0000000173024000,0x0000000173227000] [id=43011]
  0x000000012ae2f270 GCTaskThread "GC Thread#3" [stack: 0x0000000173230000,0x0000000173433000] [id=33283]
  0x000000012ae2fae0 GCTaskThread "GC Thread#4" [stack: 0x000000017343c000,0x000000017363f000] [id=42499]
  0x000000012ae30350 GCTaskThread "GC Thread#5" [stack: 0x0000000173648000,0x000000017384b000] [id=33795]
  0x000000012ae30bc0 GCTaskThread "GC Thread#6" [stack: 0x0000000173854000,0x0000000173a57000] [id=34051]
  0x000000012ae31430 GCTaskThread "GC Thread#7" [stack: 0x0000000173a60000,0x0000000173c63000] [id=34307]
  0x000000012ae086a0 ConcurrentGCThread "G1 Main Marker" [stack: 0x000000016fdec000,0x000000016ffef000] [id=12035]
  0x000000012ae08f20 ConcurrentGCThread "G1 Conc#0" [stack: 0x000000016fff8000,0x00000001701fb000] [id=12547]
  0x000000012af5ef70 ConcurrentGCThread "G1 Conc#1" [stack: 0x00000001740c4000,0x00000001742c7000] [id=35331]
  0x000000012ae0ad90 ConcurrentGCThread "G1 Refine#0" [stack: 0x0000000170204000,0x0000000170407000] [id=21251]
  0x000000012c01d240 ConcurrentGCThread "G1 Refine#1" [stack: 0x0000000173c6c000,0x0000000173e6f000] [id=34563]
  0x000000012ae0b630 ConcurrentGCThread "G1 Service" [stack: 0x0000000170410000,0x0000000170613000] [id=16643]

Threads with active compile tasks:

VM state: not at safepoint (normal execution)

VM Mutex/Monitor currently owned by a thread: None

Heap address: 0x00000007e0000000, size: 512 MB, Compressed Oops mode: Zero based, Oop shift amount: 3

CDS archive(s) not mapped
Compressed class space mapped at: 0x0000000800000000-0x0000000840000000, reserved size: 1073741824
Narrow klass base: 0x0000000800000000, Narrow klass shift: 0, Narrow klass range: 0x40000000

GC Precious Log:
 CPUs: 8 total, 8 available
 Memory: 16384M
 Large Page Support: Disabled
 NUMA Support: Disabled
 Compressed Oops: Enabled (Zero based)
 Heap Region Size: 1M
 Heap Min Capacity: 8M
 Heap Initial Capacity: 256M
 Heap Max Capacity: 512M
 Pre-touch: Disabled
 Parallel Workers: 8
 Concurrent Workers: 2
 Concurrent Refinement Workers: 8
 Periodic GC: Disabled

Heap:
 garbage-first heap   total 150528K, used 44964K [0x00000007e0000000, 0x0000000800000000)
  region size 1024K, 35 young (35840K), 3 survivors (3072K)
 Metaspace       used 34855K, committed 35136K, reserved 1081344K
  class space    used 4550K, committed 4672K, reserved 1048576K

Heap Regions: E=young(eden), S=young(survivor), O=old, HS=humongous(starts), HC=humongous(continues), CS=collection set, F=free, OA=open archive, CA=closed archive, TAMS=top-at-mark-start (previous, next)
|   0|0x00000007e0000000, 0x00000007e0100000, 0x00000007e0100000|100%| O|  |TAMS 0x00000007e0100000, 0x00000007e0000000| Untracked 
|   1|0x00000007e0100000, 0x00000007e0200000, 0x00000007e0200000|100%| O|  |TAMS 0x00000007e0200000, 0x00000007e0100000| Untracked 
|   2|0x00000007e0200000, 0x00000007e0300000, 0x00000007e0300000|100%| O|  |TAMS 0x00000007e0300000, 0x00000007e0200000| Untracked 
|   3|0x00000007e0300000, 0x00000007e0400000, 0x00000007e0400000|100%| O|  |TAMS 0x00000007e0400000, 0x00000007e0300000| Untracked 
|   4|0x00000007e0400000, 0x00000007e0500000, 0x00000007e0500000|100%| O|  |TAMS 0x00000007e0500000, 0x00000007e0400000| Untracked 
|   5|0x00000007e0500000, 0x00000007e0600000, 0x00000007e0600000|100%| O|  |TAMS 0x00000007e0500000, 0x00000007e0500000| Untracked 
|   6|0x00000007e0600000, 0x00000007e0700000, 0x00000007e0700000|100%| O|  |TAMS 0x00000007e0600000, 0x00000007e0600000| Untracked 
|   7|0x00000007e0700000, 0x00000007e0800000, 0x00000007e0800000|100%| O|  |TAMS 0x00000007e0800000, 0x00000007e0700000| Untracked 
|   8|0x00000007e0800000, 0x00000007e0900000, 0x00000007e0900000|100%| O|  |TAMS 0x00000007e0900000, 0x00000007e0800000| Untracked 
|   9|0x00000007e0900000, 0x00000007e09aba00, 0x00000007e0a00000| 67%| O|  |TAMS 0x00000007e0900000, 0x00000007e0900000| Untracked 
|  10|0x00000007e0a00000, 0x00000007e0b00000, 0x00000007e0b00000|100%| O|  |TAMS 0x00000007e0a00000, 0x00000007e0a00000| Untracked 
|  11|0x00000007e0b00000, 0x00000007e0b00000, 0x00000007e0c00000|  0%| F|  |TAMS 0x00000007e0b00000, 0x00000007e0b00000| Untracked 
|  12|0x00000007e0c00000, 0x00000007e0c00000, 0x00000007e0d00000|  0%| F|  |TAMS 0x00000007e0c00000, 0x00000007e0c00000| Untracked 
|  13|0x00000007e0d00000, 0x00000007e0d00000, 0x00000007e0e00000|  0%| F|  |TAMS 0x00000007e0d00000, 0x00000007e0d00000| Untracked 
|  14|0x00000007e0e00000, 0x00000007e0e00000, 0x00000007e0f00000|  0%| F|  |TAMS 0x00000007e0e00000, 0x00000007e0e00000| Untracked 
|  15|0x00000007e0f00000, 0x00000007e0f00000, 0x00000007e1000000|  0%| F|  |TAMS 0x00000007e0f00000, 0x00000007e0f00000| Untracked 
|  16|0x00000007e1000000, 0x00000007e1000000, 0x00000007e1100000|  0%| F|  |TAMS 0x00000007e1000000, 0x00000007e1000000| Untracked 
|  17|0x00000007e1100000, 0x00000007e1100000, 0x00000007e1200000|  0%| F|  |TAMS 0x00000007e1100000, 0x00000007e1100000| Untracked 
|  18|0x00000007e1200000, 0x00000007e123d9d0, 0x00000007e1300000| 24%| S|CS|TAMS 0x00000007e1200000, 0x00000007e1200000| Complete 
|  19|0x00000007e1300000, 0x00000007e1300000, 0x00000007e1400000|  0%| F|  |TAMS 0x00000007e1300000, 0x00000007e1300000| Untracked 
|  20|0x00000007e1400000, 0x00000007e1500000, 0x00000007e1500000|100%| S|CS|TAMS 0x00000007e1400000, 0x00000007e1400000| Complete 
|  21|0x00000007e1500000, 0x00000007e1600000, 0x00000007e1600000|100%| S|CS|TAMS 0x00000007e1500000, 0x00000007e1500000| Complete 
|  22|0x00000007e1600000, 0x00000007e1600000, 0x00000007e1700000|  0%| F|  |TAMS 0x00000007e1600000, 0x00000007e1600000| Untracked 
|  23|0x00000007e1700000, 0x00000007e1700000, 0x00000007e1800000|  0%| F|  |TAMS 0x00000007e1700000, 0x00000007e1700000| Untracked 
|  24|0x00000007e1800000, 0x00000007e1800000, 0x00000007e1900000|  0%| F|  |TAMS 0x00000007e1800000, 0x00000007e1800000| Untracked 
|  25|0x00000007e1900000, 0x00000007e1900000, 0x00000007e1a00000|  0%| F|  |TAMS 0x00000007e1900000, 0x00000007e1900000| Untracked 
|  26|0x00000007e1a00000, 0x00000007e1a00000, 0x00000007e1b00000|  0%| F|  |TAMS 0x00000007e1a00000, 0x00000007e1a00000| Untracked 
|  27|0x00000007e1b00000, 0x00000007e1b00000, 0x00000007e1c00000|  0%| F|  |TAMS 0x00000007e1b00000, 0x00000007e1b00000| Untracked 
|  28|0x00000007e1c00000, 0x00000007e1c00000, 0x00000007e1d00000|  0%| F|  |TAMS 0x00000007e1c00000, 0x00000007e1c00000| Untracked 
|  29|0x00000007e1d00000, 0x00000007e1d00000, 0x00000007e1e00000|  0%| F|  |TAMS 0x00000007e1d00000, 0x00000007e1d00000| Untracked 
|  30|0x00000007e1e00000, 0x00000007e1e00000, 0x00000007e1f00000|  0%| F|  |TAMS 0x00000007e1e00000, 0x00000007e1e00000| Untracked 
|  31|0x00000007e1f00000, 0x00000007e1f00000, 0x00000007e2000000|  0%| F|  |TAMS 0x00000007e1f00000, 0x00000007e1f00000| Untracked 
|  32|0x00000007e2000000, 0x00000007e2000000, 0x00000007e2100000|  0%| F|  |TAMS 0x00000007e2000000, 0x00000007e2000000| Untracked 
|  33|0x00000007e2100000, 0x00000007e2100000, 0x00000007e2200000|  0%| F|  |TAMS 0x00000007e2100000, 0x00000007e2100000| Untracked 
|  34|0x00000007e2200000, 0x00000007e2200000, 0x00000007e2300000|  0%| F|  |TAMS 0x00000007e2200000, 0x00000007e2200000| Untracked 
|  35|0x00000007e2300000, 0x00000007e2300000, 0x00000007e2400000|  0%| F|  |TAMS 0x00000007e2300000, 0x00000007e2300000| Untracked 
|  36|0x00000007e2400000, 0x00000007e2400000, 0x00000007e2500000|  0%| F|  |TAMS 0x00000007e2400000, 0x00000007e2400000| Untracked 
|  37|0x00000007e2500000, 0x00000007e2500000, 0x00000007e2600000|  0%| F|  |TAMS 0x00000007e2500000, 0x00000007e2500000| Untracked 
|  38|0x00000007e2600000, 0x00000007e2600000, 0x00000007e2700000|  0%| F|  |TAMS 0x00000007e2600000, 0x00000007e2600000| Untracked 
|  39|0x00000007e2700000, 0x00000007e2700000, 0x00000007e2800000|  0%| F|  |TAMS 0x00000007e2700000, 0x00000007e2700000| Untracked 
|  40|0x00000007e2800000, 0x00000007e2800000, 0x00000007e2900000|  0%| F|  |TAMS 0x00000007e2800000, 0x00000007e2800000| Untracked 
|  41|0x00000007e2900000, 0x00000007e2900000, 0x00000007e2a00000|  0%| F|  |TAMS 0x00000007e2900000, 0x00000007e2900000| Untracked 
|  42|0x00000007e2a00000, 0x00000007e2a00000, 0x00000007e2b00000|  0%| F|  |TAMS 0x00000007e2a00000, 0x00000007e2a00000| Untracked 
|  43|0x00000007e2b00000, 0x00000007e2b00000, 0x00000007e2c00000|  0%| F|  |TAMS 0x00000007e2b00000, 0x00000007e2b00000| Untracked 
|  44|0x00000007e2c00000, 0x00000007e2c00000, 0x00000007e2d00000|  0%| F|  |TAMS 0x00000007e2c00000, 0x00000007e2c00000| Untracked 
|  45|0x00000007e2d00000, 0x00000007e2d00000, 0x00000007e2e00000|  0%| F|  |TAMS 0x00000007e2d00000, 0x00000007e2d00000| Untracked 
|  46|0x00000007e2e00000, 0x00000007e2e00000, 0x00000007e2f00000|  0%| F|  |TAMS 0x00000007e2e00000, 0x00000007e2e00000| Untracked 
|  47|0x00000007e2f00000, 0x00000007e2f00000, 0x00000007e3000000|  0%| F|  |TAMS 0x00000007e2f00000, 0x00000007e2f00000| Untracked 
|  48|0x00000007e3000000, 0x00000007e3000000, 0x00000007e3100000|  0%| F|  |TAMS 0x00000007e3000000, 0x00000007e3000000| Untracked 
|  49|0x00000007e3100000, 0x00000007e3100000, 0x00000007e3200000|  0%| F|  |TAMS 0x00000007e3100000, 0x00000007e3100000| Untracked 
|  50|0x00000007e3200000, 0x00000007e3200000, 0x00000007e3300000|  0%| F|  |TAMS 0x00000007e3200000, 0x00000007e3200000| Untracked 
|  51|0x00000007e3300000, 0x00000007e3300000, 0x00000007e3400000|  0%| F|  |TAMS 0x00000007e3300000, 0x00000007e3300000| Untracked 
|  52|0x00000007e3400000, 0x00000007e3400000, 0x00000007e3500000|  0%| F|  |TAMS 0x00000007e3400000, 0x00000007e3400000| Untracked 
|  53|0x00000007e3500000, 0x00000007e3500000, 0x00000007e3600000|  0%| F|  |TAMS 0x00000007e3500000, 0x00000007e3500000| Untracked 
|  54|0x00000007e3600000, 0x00000007e3600000, 0x00000007e3700000|  0%| F|  |TAMS 0x00000007e3600000, 0x00000007e3600000| Untracked 
|  55|0x00000007e3700000, 0x00000007e3700000, 0x00000007e3800000|  0%| F|  |TAMS 0x00000007e3700000, 0x00000007e3700000| Untracked 
|  56|0x00000007e3800000, 0x00000007e3800000, 0x00000007e3900000|  0%| F|  |TAMS 0x00000007e3800000, 0x00000007e3800000| Untracked 
|  57|0x00000007e3900000, 0x00000007e3900000, 0x00000007e3a00000|  0%| F|  |TAMS 0x00000007e3900000, 0x00000007e3900000| Untracked 
|  58|0x00000007e3a00000, 0x00000007e3a00000, 0x00000007e3b00000|  0%| F|  |TAMS 0x00000007e3a00000, 0x00000007e3a00000| Untracked 
|  59|0x00000007e3b00000, 0x00000007e3b00000, 0x00000007e3c00000|  0%| F|  |TAMS 0x00000007e3b00000, 0x00000007e3b00000| Untracked 
|  60|0x00000007e3c00000, 0x00000007e3c00000, 0x00000007e3d00000|  0%| F|  |TAMS 0x00000007e3c00000, 0x00000007e3c00000| Untracked 
|  61|0x00000007e3d00000, 0x00000007e3d00000, 0x00000007e3e00000|  0%| F|  |TAMS 0x00000007e3d00000, 0x00000007e3d00000| Untracked 
|  62|0x00000007e3e00000, 0x00000007e3e00000, 0x00000007e3f00000|  0%| F|  |TAMS 0x00000007e3e00000, 0x00000007e3e00000| Untracked 
|  63|0x00000007e3f00000, 0x00000007e3f00000, 0x00000007e4000000|  0%| F|  |TAMS 0x00000007e3f00000, 0x00000007e3f00000| Untracked 
|  64|0x00000007e4000000, 0x00000007e4000000, 0x00000007e4100000|  0%| F|  |TAMS 0x00000007e4000000, 0x00000007e4000000| Untracked 
|  65|0x00000007e4100000, 0x00000007e4100000, 0x00000007e4200000|  0%| F|  |TAMS 0x00000007e4100000, 0x00000007e4100000| Untracked 
|  66|0x00000007e4200000, 0x00000007e4200000, 0x00000007e4300000|  0%| F|  |TAMS 0x00000007e4200000, 0x00000007e4200000| Untracked 
|  67|0x00000007e4300000, 0x00000007e4300000, 0x00000007e4400000|  0%| F|  |TAMS 0x00000007e4300000, 0x00000007e4300000| Untracked 
|  68|0x00000007e4400000, 0x00000007e4400000, 0x00000007e4500000|  0%| F|  |TAMS 0x00000007e4400000, 0x00000007e4400000| Untracked 
|  69|0x00000007e4500000, 0x00000007e4500000, 0x00000007e4600000|  0%| F|  |TAMS 0x00000007e4500000, 0x00000007e4500000| Untracked 
|  70|0x00000007e4600000, 0x00000007e4600000, 0x00000007e4700000|  0%| F|  |TAMS 0x00000007e4600000, 0x00000007e4600000| Untracked 
|  71|0x00000007e4700000, 0x00000007e4700000, 0x00000007e4800000|  0%| F|  |TAMS 0x00000007e4700000, 0x00000007e4700000| Untracked 
|  72|0x00000007e4800000, 0x00000007e4800000, 0x00000007e4900000|  0%| F|  |TAMS 0x00000007e4800000, 0x00000007e4800000| Untracked 
|  73|0x00000007e4900000, 0x00000007e4900000, 0x00000007e4a00000|  0%| F|  |TAMS 0x00000007e4900000, 0x00000007e4900000| Untracked 
|  74|0x00000007e4a00000, 0x00000007e4a00000, 0x00000007e4b00000|  0%| F|  |TAMS 0x00000007e4a00000, 0x00000007e4a00000| Untracked 
|  75|0x00000007e4b00000, 0x00000007e4b00000, 0x00000007e4c00000|  0%| F|  |TAMS 0x00000007e4b00000, 0x00000007e4b00000| Untracked 
|  76|0x00000007e4c00000, 0x00000007e4c00000, 0x00000007e4d00000|  0%| F|  |TAMS 0x00000007e4c00000, 0x00000007e4c00000| Untracked 
|  77|0x00000007e4d00000, 0x00000007e4d00000, 0x00000007e4e00000|  0%| F|  |TAMS 0x00000007e4d00000, 0x00000007e4d00000| Untracked 
|  78|0x00000007e4e00000, 0x00000007e4e00000, 0x00000007e4f00000|  0%| F|  |TAMS 0x00000007e4e00000, 0x00000007e4e00000| Untracked 
|  79|0x00000007e4f00000, 0x00000007e4f00000, 0x00000007e5000000|  0%| F|  |TAMS 0x00000007e4f00000, 0x00000007e4f00000| Untracked 
|  80|0x00000007e5000000, 0x00000007e5000000, 0x00000007e5100000|  0%| F|  |TAMS 0x00000007e5000000, 0x00000007e5000000| Untracked 
|  81|0x00000007e5100000, 0x00000007e5100000, 0x00000007e5200000|  0%| F|  |TAMS 0x00000007e5100000, 0x00000007e5100000| Untracked 
|  82|0x00000007e5200000, 0x00000007e5200000, 0x00000007e5300000|  0%| F|  |TAMS 0x00000007e5200000, 0x00000007e5200000| Untracked 
|  83|0x00000007e5300000, 0x00000007e5300000, 0x00000007e5400000|  0%| F|  |TAMS 0x00000007e5300000, 0x00000007e5300000| Untracked 
|  84|0x00000007e5400000, 0x00000007e5400000, 0x00000007e5500000|  0%| F|  |TAMS 0x00000007e5400000, 0x00000007e5400000| Untracked 
|  85|0x00000007e5500000, 0x00000007e5500000, 0x00000007e5600000|  0%| F|  |TAMS 0x00000007e5500000, 0x00000007e5500000| Untracked 
|  86|0x00000007e5600000, 0x00000007e5600000, 0x00000007e5700000|  0%| F|  |TAMS 0x00000007e5600000, 0x00000007e5600000| Untracked 
|  87|0x00000007e5700000, 0x00000007e5700000, 0x00000007e5800000|  0%| F|  |TAMS 0x00000007e5700000, 0x00000007e5700000| Untracked 
|  88|0x00000007e5800000, 0x00000007e5800000, 0x00000007e5900000|  0%| F|  |TAMS 0x00000007e5800000, 0x00000007e5800000| Untracked 
|  89|0x00000007e5900000, 0x00000007e5900000, 0x00000007e5a00000|  0%| F|  |TAMS 0x00000007e5900000, 0x00000007e5900000| Untracked 
|  90|0x00000007e5a00000, 0x00000007e5a00000, 0x00000007e5b00000|  0%| F|  |TAMS 0x00000007e5a00000, 0x00000007e5a00000| Untracked 
|  91|0x00000007e5b00000, 0x00000007e5b00000, 0x00000007e5c00000|  0%| F|  |TAMS 0x00000007e5b00000, 0x00000007e5b00000| Untracked 
|  92|0x00000007e5c00000, 0x00000007e5c00000, 0x00000007e5d00000|  0%| F|  |TAMS 0x00000007e5c00000, 0x00000007e5c00000| Untracked 
|  93|0x00000007e5d00000, 0x00000007e5d00000, 0x00000007e5e00000|  0%| F|  |TAMS 0x00000007e5d00000, 0x00000007e5d00000| Untracked 
|  94|0x00000007e5e00000, 0x00000007e5e00000, 0x00000007e5f00000|  0%| F|  |TAMS 0x00000007e5e00000, 0x00000007e5e00000| Untracked 
|  95|0x00000007e5f00000, 0x00000007e5f00000, 0x00000007e6000000|  0%| F|  |TAMS 0x00000007e5f00000, 0x00000007e5f00000| Untracked 
|  96|0x00000007e6000000, 0x00000007e6000000, 0x00000007e6100000|  0%| F|  |TAMS 0x00000007e6000000, 0x00000007e6000000| Untracked 
|  97|0x00000007e6100000, 0x00000007e6100000, 0x00000007e6200000|  0%| F|  |TAMS 0x00000007e6100000, 0x00000007e6100000| Untracked 
|  98|0x00000007e6200000, 0x00000007e6200000, 0x00000007e6300000|  0%| F|  |TAMS 0x00000007e6200000, 0x00000007e6200000| Untracked 
|  99|0x00000007e6300000, 0x00000007e6300000, 0x00000007e6400000|  0%| F|  |TAMS 0x00000007e6300000, 0x00000007e6300000| Untracked 
| 100|0x00000007e6400000, 0x00000007e6400000, 0x00000007e6500000|  0%| F|  |TAMS 0x00000007e6400000, 0x00000007e6400000| Untracked 
| 101|0x00000007e6500000, 0x00000007e6500000, 0x00000007e6600000|  0%| F|  |TAMS 0x00000007e6500000, 0x00000007e6500000| Untracked 
| 102|0x00000007e6600000, 0x00000007e6600000, 0x00000007e6700000|  0%| F|  |TAMS 0x00000007e6600000, 0x00000007e6600000| Untracked 
| 103|0x00000007e6700000, 0x00000007e6700000, 0x00000007e6800000|  0%| F|  |TAMS 0x00000007e6700000, 0x00000007e6700000| Untracked 
| 104|0x00000007e6800000, 0x00000007e6800000, 0x00000007e6900000|  0%| F|  |TAMS 0x00000007e6800000, 0x00000007e6800000| Untracked 
| 105|0x00000007e6900000, 0x00000007e6900000, 0x00000007e6a00000|  0%| F|  |TAMS 0x00000007e6900000, 0x00000007e6900000| Untracked 
| 106|0x00000007e6a00000, 0x00000007e6a00000, 0x00000007e6b00000|  0%| F|  |TAMS 0x00000007e6a00000, 0x00000007e6a00000| Untracked 
| 107|0x00000007e6b00000, 0x00000007e6b00000, 0x00000007e6c00000|  0%| F|  |TAMS 0x00000007e6b00000, 0x00000007e6b00000| Untracked 
| 108|0x00000007e6c00000, 0x00000007e6c00000, 0x00000007e6d00000|  0%| F|  |TAMS 0x00000007e6c00000, 0x00000007e6c00000| Untracked 
| 109|0x00000007e6d00000, 0x00000007e6d00000, 0x00000007e6e00000|  0%| F|  |TAMS 0x00000007e6d00000, 0x00000007e6d00000| Untracked 
| 110|0x00000007e6e00000, 0x00000007e6e00000, 0x00000007e6f00000|  0%| F|  |TAMS 0x00000007e6e00000, 0x00000007e6e00000| Untracked 
| 111|0x00000007e6f00000, 0x00000007e6f00000, 0x00000007e7000000|  0%| F|  |TAMS 0x00000007e6f00000, 0x00000007e6f00000| Untracked 
| 112|0x00000007e7000000, 0x00000007e7000000, 0x00000007e7100000|  0%| F|  |TAMS 0x00000007e7000000, 0x00000007e7000000| Untracked 
| 113|0x00000007e7100000, 0x00000007e7100000, 0x00000007e7200000|  0%| F|  |TAMS 0x00000007e7100000, 0x00000007e7100000| Untracked 
| 114|0x00000007e7200000, 0x00000007e7200000, 0x00000007e7300000|  0%| F|  |TAMS 0x00000007e7200000, 0x00000007e7200000| Untracked 
| 115|0x00000007e7300000, 0x00000007e7400000, 0x00000007e7400000|100%| E|  |TAMS 0x00000007e7300000, 0x00000007e7300000| Complete 
| 116|0x00000007e7400000, 0x00000007e7500000, 0x00000007e7500000|100%| E|CS|TAMS 0x00000007e7400000, 0x00000007e7400000| Complete 
| 117|0x00000007e7500000, 0x00000007e7600000, 0x00000007e7600000|100%| E|CS|TAMS 0x00000007e7500000, 0x00000007e7500000| Complete 
| 118|0x00000007e7600000, 0x00000007e7700000, 0x00000007e7700000|100%| E|CS|TAMS 0x00000007e7600000, 0x00000007e7600000| Complete 
| 119|0x00000007e7700000, 0x00000007e7800000, 0x00000007e7800000|100%| E|CS|TAMS 0x00000007e7700000, 0x00000007e7700000| Complete 
| 120|0x00000007e7800000, 0x00000007e7900000, 0x00000007e7900000|100%| E|CS|TAMS 0x00000007e7800000, 0x00000007e7800000| Complete 
| 121|0x00000007e7900000, 0x00000007e7a00000, 0x00000007e7a00000|100%| E|CS|TAMS 0x00000007e7900000, 0x00000007e7900000| Complete 
| 122|0x00000007e7a00000, 0x00000007e7b00000, 0x00000007e7b00000|100%| E|CS|TAMS 0x00000007e7a00000, 0x00000007e7a00000| Complete 
| 123|0x00000007e7b00000, 0x00000007e7c00000, 0x00000007e7c00000|100%| E|CS|TAMS 0x00000007e7b00000, 0x00000007e7b00000| Complete 
| 124|0x00000007e7c00000, 0x00000007e7d00000, 0x00000007e7d00000|100%| E|CS|TAMS 0x00000007e7c00000, 0x00000007e7c00000| Complete 
| 125|0x00000007e7d00000, 0x00000007e7e00000, 0x00000007e7e00000|100%| E|CS|TAMS 0x00000007e7d00000, 0x00000007e7d00000| Complete 
| 126|0x00000007e7e00000, 0x00000007e7f00000, 0x00000007e7f00000|100%| E|CS|TAMS 0x00000007e7e00000, 0x00000007e7e00000| Complete 
| 127|0x00000007e7f00000, 0x00000007e8000000, 0x00000007e8000000|100%| E|CS|TAMS 0x00000007e7f00000, 0x00000007e7f00000| Complete 
| 128|0x00000007e8000000, 0x00000007e8100000, 0x00000007e8100000|100%| E|CS|TAMS 0x00000007e8000000, 0x00000007e8000000| Complete 
| 129|0x00000007e8100000, 0x00000007e8200000, 0x00000007e8200000|100%| E|CS|TAMS 0x00000007e8100000, 0x00000007e8100000| Complete 
| 130|0x00000007e8200000, 0x00000007e8300000, 0x00000007e8300000|100%| E|CS|TAMS 0x00000007e8200000, 0x00000007e8200000| Complete 
| 131|0x00000007e8300000, 0x00000007e8400000, 0x00000007e8400000|100%| E|CS|TAMS 0x00000007e8300000, 0x00000007e8300000| Complete 
| 132|0x00000007e8400000, 0x00000007e8500000, 0x00000007e8500000|100%| E|CS|TAMS 0x00000007e8400000, 0x00000007e8400000| Complete 
| 133|0x00000007e8500000, 0x00000007e8600000, 0x00000007e8600000|100%| E|CS|TAMS 0x00000007e8500000, 0x00000007e8500000| Complete 
| 134|0x00000007e8600000, 0x00000007e8700000, 0x00000007e8700000|100%| E|CS|TAMS 0x00000007e8600000, 0x00000007e8600000| Complete 
| 135|0x00000007e8700000, 0x00000007e8800000, 0x00000007e8800000|100%| E|CS|TAMS 0x00000007e8700000, 0x00000007e8700000| Complete 
| 136|0x00000007e8800000, 0x00000007e8900000, 0x00000007e8900000|100%| E|CS|TAMS 0x00000007e8800000, 0x00000007e8800000| Complete 
| 137|0x00000007e8900000, 0x00000007e8a00000, 0x00000007e8a00000|100%| E|CS|TAMS 0x00000007e8900000, 0x00000007e8900000| Complete 
| 138|0x00000007e8a00000, 0x00000007e8b00000, 0x00000007e8b00000|100%| E|CS|TAMS 0x00000007e8a00000, 0x00000007e8a00000| Complete 
| 139|0x00000007e8b00000, 0x00000007e8c00000, 0x00000007e8c00000|100%| E|CS|TAMS 0x00000007e8b00000, 0x00000007e8b00000| Complete 
| 140|0x00000007e8c00000, 0x00000007e8d00000, 0x00000007e8d00000|100%| E|CS|TAMS 0x00000007e8c00000, 0x00000007e8c00000| Complete 
| 141|0x00000007e8d00000, 0x00000007e8e00000, 0x00000007e8e00000|100%| E|CS|TAMS 0x00000007e8d00000, 0x00000007e8d00000| Complete 
| 142|0x00000007e8e00000, 0x00000007e8f00000, 0x00000007e8f00000|100%| E|CS|TAMS 0x00000007e8e00000, 0x00000007e8e00000| Complete 
| 143|0x00000007e8f00000, 0x00000007e9000000, 0x00000007e9000000|100%| E|CS|TAMS 0x00000007e8f00000, 0x00000007e8f00000| Complete 
| 231|0x00000007ee700000, 0x00000007ee800000, 0x00000007ee800000|100%| E|CS|TAMS 0x00000007ee700000, 0x00000007ee700000| Complete 
| 232|0x00000007ee800000, 0x00000007ee900000, 0x00000007ee900000|100%| E|CS|TAMS 0x00000007ee800000, 0x00000007ee800000| Complete 
| 255|0x00000007eff00000, 0x00000007f0000000, 0x00000007f0000000|100%| E|CS|TAMS 0x00000007eff00000, 0x00000007eff00000| Complete 

Card table byte_map: [0x00000001009d4000,0x0000000100ad4000] _byte_map_base: 0x00000000fcad4000

Marking Bits (Prev, Next): (CMBitMap*) 0x000000012b830450, (CMBitMap*) 0x000000012b830410
 Prev Bits: [0x0000000114500000, 0x0000000114d00000)
 Next Bits: [0x0000000100bd4000, 0x00000001013d4000)

Polling page: 0x00000001004cc000

Metaspace:

Usage:
  Non-class:     29.59 MB used.
      Class:      4.44 MB used.
       Both:     34.04 MB used.

Virtual space:
  Non-class space:       32.00 MB reserved,      29.75 MB ( 93%) committed,  4 nodes.
      Class space:        1.00 GB reserved,       4.56 MB ( <1%) committed,  1 nodes.
             Both:        1.03 GB reserved,      34.31 MB (  3%) committed. 

Chunk freelists:
   Non-Class:  1.66 MB
       Class:  3.46 MB
        Both:  5.12 MB

MaxMetaspaceSize: unlimited
CompressedClassSpaceSize: 1.00 GB
Initial GC threshold: 21.00 MB
Current GC threshold: 35.12 MB
CDS: off
MetaspaceReclaimPolicy: balanced
 - commit_granule_bytes: 65536.
 - commit_granule_words: 8192.
 - virtual_space_node_default_size: 1048576.
 - enlarge_chunks_in_place: 1.
 - new_chunks_are_fully_committed: 0.
 - uncommit_free_chunks: 1.
 - use_allocation_guard: 0.
 - handle_deallocations: 1.


Internal statistics:

num_allocs_failed_limit: 3.
num_arena_births: 340.
num_arena_deaths: 0.
num_vsnodes_births: 5.
num_vsnodes_deaths: 0.
num_space_committed: 549.
num_space_uncommitted: 0.
num_chunks_returned_to_freelist: 3.
num_chunks_taken_from_freelist: 1287.
num_chunk_merges: 3.
num_chunk_splits: 912.
num_chunks_enlarged: 691.
num_purges: 0.
num_inconsistent_stats: 0.

CodeHeap 'non-profiled nmethods': size=120032Kb used=1299Kb max_used=1299Kb free=118732Kb
 bounds [0x000000010cfc8000, 0x000000010d238000, 0x0000000114500000]
CodeHeap 'profiled nmethods': size=120016Kb used=7106Kb max_used=7106Kb free=112909Kb
 bounds [0x0000000105500000, 0x0000000105c00000, 0x000000010ca34000]
CodeHeap 'non-nmethods': size=5712Kb used=1305Kb max_used=1460Kb free=4406Kb
 bounds [0x000000010ca34000, 0x000000010cca4000, 0x000000010cfc8000]
 total_blobs=4512 nmethods=3910 adapters=517
 compilation: enabled
              stopped_count=0, restarted_count=0
 full_count=0

Compilation events (20 events):
Event: 2.019 Thread 0x000000011b00da00 3616       4       net.bytebuddy.jar.asm.ClassReader::readUtf (44 bytes)
Event: 2.030 Thread 0x000000011b00da00 nmethod 3616 0x000000010d0fe810 code [0x000000010d0fea40, 0x000000010d0ff510]
Event: 2.030 Thread 0x000000011b00da00 2104       4       java.lang.Long::hashCode (8 bytes)
Event: 2.030 Thread 0x000000011b00da00 nmethod 2104 0x000000010d0ffd10 code [0x000000010d0ffe80, 0x000000010d0ffed0]
Event: 2.114 Thread 0x000000011b00da00 4081  s!   4       jdk.internal.loader.URLClassPath::getLoader (196 bytes)
Event: 2.252 Thread 0x000000011b00da00 nmethod 4081 0x000000010d100010 code [0x000000010d100d40, 0x000000010d107950]
Event: 3.885 Thread 0x000000011b00e000 4082   !   3       java.util.logging.LogManager::ensureLogManagerInitialized (144 bytes)
Event: 3.885 Thread 0x000000011b00e000 nmethod 4082 0x0000000105bec790 code [0x0000000105becb80, 0x0000000105bee038]
Event: 3.885 Thread 0x000000011b00e000 4083       3       io.mockk.proxy.jvm.advice.jvm.WeakMockHandlersMap::isMock (34 bytes)
Event: 3.886 Thread 0x000000011b00e000 nmethod 4083 0x0000000105bee710 code [0x0000000105beea00, 0x0000000105bef478]
Event: 3.886 Thread 0x000000011b00e000 4084       3       java.lang.Long::hashCode (8 bytes)
Event: 3.886 Thread 0x000000011b00e000 nmethod 4084 0x0000000105bef910 code [0x0000000105befac0, 0x0000000105befc48]
Event: 3.886 Thread 0x000000011b00e000 4085       3       java.lang.Long::valueOf (40 bytes)
Event: 3.886 Thread 0x000000011b00e000 nmethod 4085 0x0000000105befd10 code [0x0000000105beff00, 0x0000000105bf0218]
Event: 3.886 Thread 0x000000011b00da00 4086       4       sun.net.www.ParseUtil::encodePath (41 bytes)
Event: 3.887 Thread 0x000000011b00e000 4088       3       java.lang.Long::equals (30 bytes)
Event: 3.888 Thread 0x000000011b00e000 nmethod 4088 0x0000000105bf0390 code [0x0000000105bf0540, 0x0000000105bf0918]
Event: 3.889 Thread 0x000000011b00da00 nmethod 4086 0x000000010d10b610 code [0x000000010d10b800, 0x000000010d10bcf0]
Event: 3.889 Thread 0x000000011b00da00 4087       4       java.io.RandomAccessFile::readFully (45 bytes)
Event: 3.889 Thread 0x000000011b00da00 nmethod 4087 0x000000010d10bf90 code [0x000000010d10c140, 0x000000010d10c260]

GC Heap History (18 events):
Event: 0.367 GC heap before
{Heap before GC invocations=0 (full 0):
 garbage-first heap   total 262144K, used 22528K [0x00000007e0000000, 0x0000000800000000)
  region size 1024K, 23 young (23552K), 0 survivors (0K)
 Metaspace       used 12910K, committed 13056K, reserved 1064960K
  class space    used 1514K, committed 1600K, reserved 1048576K
}
Event: 0.370 GC heap after
{Heap after GC invocations=1 (full 0):
 garbage-first heap   total 262144K, used 7268K [0x00000007e0000000, 0x0000000800000000)
  region size 1024K, 3 young (3072K), 3 survivors (3072K)
 Metaspace       used 12910K, committed 13056K, reserved 1064960K
  class space    used 1514K, committed 1600K, reserved 1048576K
}
Event: 0.727 GC heap before
{Heap before GC invocations=1 (full 0):
 garbage-first heap   total 262144K, used 30820K [0x00000007e0000000, 0x0000000800000000)
  region size 1024K, 25 young (25600K), 3 survivors (3072K)
 Metaspace       used 18238K, committed 18496K, reserved 1073152K
  class space    used 2121K, committed 2240K, reserved 1048576K
}
Event: 0.729 GC heap after
{Heap after GC invocations=2 (full 0):
 garbage-first heap   total 262144K, used 8405K [0x00000007e0000000, 0x0000000800000000)
  region size 1024K, 1 young (1024K), 1 survivors (1024K)
 Metaspace       used 18238K, committed 18496K, reserved 1073152K
  class space    used 2121K, committed 2240K, reserved 1048576K
}
Event: 0.814 GC heap before
{Heap before GC invocations=2 (full 0):
 garbage-first heap   total 262144K, used 29909K [0x00000007e0000000, 0x0000000800000000)
  region size 1024K, 23 young (23552K), 1 survivors (1024K)
 Metaspace       used 21343K, committed 21504K, reserved 1073152K
  class space    used 2547K, committed 2624K, reserved 1048576K
}
Event: 0.815 GC heap after
{Heap after GC invocations=3 (full 0):
 garbage-first heap   total 262144K, used 9095K [0x00000007e0000000, 0x0000000800000000)
  region size 1024K, 2 young (2048K), 2 survivors (2048K)
 Metaspace       used 21343K, committed 21504K, reserved 1073152K
  class space    used 2547K, committed 2624K, reserved 1048576K
}
Event: 0.954 GC heap before
{Heap before GC invocations=4 (full 0):
 garbage-first heap   total 37888K, used 28551K [0x00000007e0000000, 0x0000000800000000)
  region size 1024K, 22 young (22528K), 2 survivors (2048K)
 Metaspace       used 24994K, committed 25216K, reserved 1073152K
  class space    used 3205K, committed 3264K, reserved 1048576K
}
Event: 0.956 GC heap after
{Heap after GC invocations=5 (full 0):
 garbage-first heap   total 37888K, used 9645K [0x00000007e0000000, 0x0000000800000000)
  region size 1024K, 3 young (3072K), 3 survivors (3072K)
 Metaspace       used 24994K, committed 25216K, reserved 1073152K
  class space    used 3205K, committed 3264K, reserved 1048576K
}
Event: 0.975 GC heap before
{Heap before GC invocations=5 (full 0):
 garbage-first heap   total 37888K, used 10669K [0x00000007e0000000, 0x0000000800000000)
  region size 1024K, 4 young (4096K), 3 survivors (3072K)
 Metaspace       used 25170K, committed 25408K, reserved 1073152K
  class space    used 3233K, committed 3328K, reserved 1048576K
}
Event: 0.977 GC heap after
{Heap after GC invocations=6 (full 0):
 garbage-first heap   total 37888K, used 9931K [0x00000007e0000000, 0x0000000800000000)
  region size 1024K, 1 young (1024K), 1 survivors (1024K)
 Metaspace       used 25170K, committed 25408K, reserved 1073152K
  class space    used 3233K, committed 3328K, reserved 1048576K
}
Event: 1.099 GC heap before
{Heap before GC invocations=6 (full 0):
 garbage-first heap   total 37888K, used 25291K [0x00000007e0000000, 0x0000000800000000)
  region size 1024K, 17 young (17408K), 1 survivors (1024K)
 Metaspace       used 27156K, committed 27392K, reserved 1073152K
  class space    used 3448K, committed 3584K, reserved 1048576K
}
Event: 1.100 GC heap after
{Heap after GC invocations=7 (full 0):
 garbage-first heap   total 37888K, used 10438K [0x00000007e0000000, 0x0000000800000000)
  region size 1024K, 1 young (1024K), 1 survivors (1024K)
 Metaspace       used 27156K, committed 27392K, reserved 1073152K
  class space    used 3448K, committed 3584K, reserved 1048576K
}
Event: 1.193 GC heap before
{Heap before GC invocations=7 (full 0):
 garbage-first heap   total 37888K, used 26822K [0x00000007e0000000, 0x0000000800000000)
  region size 1024K, 17 young (17408K), 1 survivors (1024K)
 Metaspace       used 29125K, committed 29376K, reserved 1081344K
  class space    used 3705K, committed 3840K, reserved 1048576K
}
Event: 1.194 GC heap after
{Heap after GC invocations=8 (full 0):
 garbage-first heap   total 37888K, used 10989K [0x00000007e0000000, 0x0000000800000000)
  region size 1024K, 2 young (2048K), 2 survivors (2048K)
 Metaspace       used 29125K, committed 29376K, reserved 1081344K
  class space    used 3705K, committed 3840K, reserved 1048576K
}
Event: 1.292 GC heap before
{Heap before GC invocations=8 (full 0):
 garbage-first heap   total 37888K, used 27373K [0x00000007e0000000, 0x0000000800000000)
  region size 1024K, 18 young (18432K), 2 survivors (2048K)
 Metaspace       used 30944K, committed 31232K, reserved 1081344K
  class space    used 3967K, committed 4096K, reserved 1048576K
}
Event: 1.293 GC heap after
{Heap after GC invocations=9 (full 0):
 garbage-first heap   total 37888K, used 12436K [0x00000007e0000000, 0x0000000800000000)
  region size 1024K, 3 young (3072K), 3 survivors (3072K)
 Metaspace       used 30944K, committed 31232K, reserved 1081344K
  class space    used 3967K, committed 4096K, reserved 1048576K
}
Event: 1.393 GC heap before
{Heap before GC invocations=9 (full 0):
 garbage-first heap   total 37888K, used 26772K [0x00000007e0000000, 0x0000000800000000)
  region size 1024K, 18 young (18432K), 3 survivors (3072K)
 Metaspace       used 32390K, committed 32704K, reserved 1081344K
  class space    used 4179K, committed 4352K, reserved 1048576K
}
Event: 1.394 GC heap after
{Heap after GC invocations=10 (full 0):
 garbage-first heap   total 150528K, used 13220K [0x00000007e0000000, 0x0000000800000000)
  region size 1024K, 3 young (3072K), 3 survivors (3072K)
 Metaspace       used 32390K, committed 32704K, reserved 1081344K
  class space    used 4179K, committed 4352K, reserved 1048576K
}

Dll operation events (10 events):
Event: 0.005 Loaded shared library /Applications/Android Studio.app/Contents/jbr/Contents/Home/lib/libjava.dylib
Event: 0.071 Loaded shared library /Applications/Android Studio.app/Contents/jbr/Contents/Home/lib/libzip.dylib
Event: 0.073 Loaded shared library /Applications/Android Studio.app/Contents/jbr/Contents/Home/lib/libinstrument.dylib
Event: 0.077 Loaded shared library /Applications/Android Studio.app/Contents/jbr/Contents/Home/lib/libnio.dylib
Event: 0.083 Loaded shared library /Applications/Android Studio.app/Contents/jbr/Contents/Home/lib/libzip.dylib
Event: 0.144 Loaded shared library /Applications/Android Studio.app/Contents/jbr/Contents/Home/lib/libjimage.dylib
Event: 0.232 Loaded shared library /Applications/Android Studio.app/Contents/jbr/Contents/Home/lib/libverify.dylib
Event: 0.248 Loaded shared library /Applications/Android Studio.app/Contents/jbr/Contents/Home/lib/libnet.dylib
Event: 0.313 Loaded shared library /Applications/Android Studio.app/Contents/jbr/Contents/Home/lib/libextnet.dylib
Event: 0.636 Loaded shared library /Applications/Android Studio.app/Contents/jbr/Contents/Home/lib/libinstrument.dylib

Deoptimization events (20 events):
Event: 1.548 Thread 0x000000012b80bc00 DEOPT PACKING pc=0x000000010575c978 sp=0x000000016fbd11f0
Event: 1.548 Thread 0x000000012b80bc00 DEOPT UNPACKING pc=0x000000010ca7b77c sp=0x000000016fbd0ee0 mode 1
Event: 1.549 Thread 0x000000012b80bc00 DEOPT PACKING pc=0x000000010570d890 sp=0x000000016fbd0930
Event: 1.549 Thread 0x000000012b80bc00 DEOPT UNPACKING pc=0x000000010ca7b77c sp=0x000000016fbd05d0 mode 1
Event: 1.549 Thread 0x000000012b80bc00 DEOPT PACKING pc=0x0000000105601904 sp=0x000000016fbd0a00
Event: 1.549 Thread 0x000000012b80bc00 DEOPT UNPACKING pc=0x000000010ca7b77c sp=0x000000016fbd06d0 mode 1
Event: 1.549 Thread 0x000000012b80bc00 DEOPT PACKING pc=0x000000010575c978 sp=0x000000016fbd1190
Event: 1.549 Thread 0x000000012b80bc00 DEOPT UNPACKING pc=0x000000010ca7b77c sp=0x000000016fbd0e80 mode 1
Event: 1.549 Thread 0x000000012b80bc00 DEOPT PACKING pc=0x000000010570d890 sp=0x000000016fbd0990
Event: 1.549 Thread 0x000000012b80bc00 DEOPT UNPACKING pc=0x000000010ca7b77c sp=0x000000016fbd0630 mode 1
Event: 1.549 Thread 0x000000012b80bc00 DEOPT PACKING pc=0x0000000105601904 sp=0x000000016fbd0a60
Event: 1.549 Thread 0x000000012b80bc00 DEOPT UNPACKING pc=0x000000010ca7b77c sp=0x000000016fbd0730 mode 1
Event: 1.549 Thread 0x000000012b80bc00 DEOPT PACKING pc=0x000000010575c978 sp=0x000000016fbd11f0
Event: 1.549 Thread 0x000000012b80bc00 DEOPT UNPACKING pc=0x000000010ca7b77c sp=0x000000016fbd0ee0 mode 1
Event: 2.115 Thread 0x000000012b80bc00 DEOPT PACKING pc=0x000000010570d890 sp=0x000000016fbd32b0
Event: 2.115 Thread 0x000000012b80bc00 DEOPT UNPACKING pc=0x000000010ca7b77c sp=0x000000016fbd2f50 mode 1
Event: 2.115 Thread 0x000000012b80bc00 DEOPT PACKING pc=0x0000000105601904 sp=0x000000016fbd3380
Event: 2.115 Thread 0x000000012b80bc00 DEOPT UNPACKING pc=0x000000010ca7b77c sp=0x000000016fbd3050 mode 1
Event: 2.115 Thread 0x000000012b80bc00 DEOPT PACKING pc=0x000000010575c978 sp=0x000000016fbd3b10
Event: 2.115 Thread 0x000000012b80bc00 DEOPT UNPACKING pc=0x000000010ca7b77c sp=0x000000016fbd3800 mode 1

Classes unloaded (0 events):
No events

Classes redefined (15 events):
Event: 0.966 Thread 0x000000012c006000 redefined class name=com.appoxee.shared.AppoxeeOptions, count=1
Event: 0.967 Thread 0x000000012c006000 redefined class name=java.lang.Object, count=1
Event: 1.009 Thread 0x000000012c006000 redefined class name=com.appoxee.internal.network.NetworkClientImpl, count=2
Event: 1.009 Thread 0x000000012c006000 redefined class name=com.appoxee.internal.network.NetworkClient, count=2
Event: 1.042 Thread 0x000000012c006000 redefined class name=java.net.URL, count=2
Event: 1.042 Thread 0x000000012c006000 redefined class name=java.io.Serializable, count=2
Event: 1.158 Thread 0x000000012c006000 redefined class name=com.appoxee.shared.AppoxeeOptions$Server, count=2
Event: 1.158 Thread 0x000000012c006000 redefined class name=java.lang.Enum, count=2
Event: 1.158 Thread 0x000000012c006000 redefined class name=java.lang.constant.Constable, count=2
Event: 1.158 Thread 0x000000012c006000 redefined class name=java.lang.Comparable, count=2
Event: 1.349 Thread 0x000000012c006000 redefined class name=java.net.URLConnection, count=2
Event: 1.490 Thread 0x000000012c006000 redefined class name=java.net.HttpURLConnection, count=1
Event: 1.568 Thread 0x000000012c006000 redefined class name=java.io.InputStream, count=2
Event: 1.568 Thread 0x000000012c006000 redefined class name=java.io.Closeable, count=2
Event: 1.568 Thread 0x000000012c006000 redefined class name=java.lang.AutoCloseable, count=2

Internal exceptions (20 events):
Event: 0.407 Thread 0x000000012b80bc00 Exception <a 'java/lang/NoClassDefFoundError'{0x00000007efb43e08}: org/slf4j/LoggerFactory> (0x00000007efb43e08) 
thrown [src/hotspot/share/classfile/systemDictionary.cpp, line 245]
Event: 0.431 Thread 0x000000012b80bc00 Exception <a 'java/lang/reflect/InvocationTargetException'{0x00000007ef64c840}> (0x00000007ef64c840) 
thrown [src/hotspot/share/runtime/reflection.cpp, line 1127]
Event: 0.431 Thread 0x000000012b80bc00 Exception <a 'java/lang/NoSuchMethodError'{0x00000007ef655c60}: 'java.lang.Object java.lang.invoke.DirectMethodHandle$Holder.invokeStaticInit(java.lang.Object, java.lang.Object, long, java.lang.Object)'> (0x00000007ef655c60) 
thrown [src/hotspot/share/interpreter/linkResolver.cpp, line 771]
Event: 0.432 Thread 0x000000012b80bc00 Exception <a 'java/lang/NoSuchMethodError'{0x00000007ef65c6a0}: 'java.lang.Object java.lang.invoke.DirectMethodHandle$Holder.newInvokeSpecial(java.lang.Object, java.lang.Object, long)'> (0x00000007ef65c6a0) 
thrown [src/hotspot/share/interpreter/linkResolver.cpp, line 771]
Event: 0.432 Thread 0x000000012b80bc00 Exception <a 'java/lang/NoSuchMethodError'{0x00000007ef660c38}: 'java.lang.Object java.lang.invoke.Invokers$Holder.linkToTargetMethod(java.lang.Object, long, java.lang.Object)'> (0x00000007ef660c38) 
thrown [src/hotspot/share/interpreter/linkResolver.cpp, line 771]
Event: 0.436 Thread 0x000000012b80bc00 Exception <a 'java/lang/NoSuchMethodError'{0x00000007ef6a6868}: 'java.lang.Object java.lang.invoke.DirectMethodHandle$Holder.newInvokeSpecial(java.lang.Object, java.lang.Object, java.lang.Object, int)'> (0x00000007ef6a6868) 
thrown [src/hotspot/share/interpreter/linkResolver.cpp, line 771]
Event: 0.437 Thread 0x000000012b80bc00 Exception <a 'java/lang/NoSuchMethodError'{0x00000007ef6aaef0}: 'java.lang.Object java.lang.invoke.DirectMethodHandle$Holder.invokeSpecial(java.lang.Object, java.lang.Object, java.lang.Object, java.lang.Object, int)'> (0x00000007ef6aaef0) 
thrown [src/hotspot/share/interpreter/linkResolver.cpp, line 771]
Event: 0.437 Thread 0x000000012b80bc00 Exception <a 'java/lang/NoSuchMethodError'{0x00000007ef6aed60}: 'java.lang.Object java.lang.invoke.Invokers$Holder.linkToTargetMethod(java.lang.Object, java.lang.Object, int, java.lang.Object)'> (0x00000007ef6aed60) 
thrown [src/hotspot/share/interpreter/linkResolver.cpp, line 771]
Event: 0.653 Thread 0x000000012b80bc00 Exception <a 'java/lang/NoSuchMethodError'{0x00000007ef5a2e40}: 'java.lang.Object java.lang.invoke.DirectMethodHandle$Holder.invokeStatic(java.lang.Object, int, java.lang.Object)'> (0x00000007ef5a2e40) 
thrown [src/hotspot/share/interpreter/linkResolver.cpp, line 771]
Event: 0.773 Thread 0x000000012b80bc00 Implicit null exception at 0x000000010d008dac to 0x000000010d0091e4
Event: 0.802 Thread 0x000000012b80bc00 Implicit null exception at 0x000000010cffb62c to 0x000000010cffba60
Event: 1.058 Thread 0x000000012b80bc00 Exception <a 'java/lang/NoSuchMethodError'{0x00000007e1a43618}: 'java.lang.Object java.lang.invoke.DirectMethodHandle$Holder.invokeStatic(java.lang.Object, java.lang.Object, int, java.lang.Object)'> (0x00000007e1a43618) 
thrown [src/hotspot/share/interpreter/linkResolver.cpp, line 771]
Event: 1.059 Thread 0x000000012b80bc00 Exception <a 'java/lang/NoSuchMethodError'{0x00000007e1a49de8}: 'java.lang.Object java.lang.invoke.DirectMethodHandle$Holder.newInvokeSpecial(java.lang.Object, java.lang.Object, int)'> (0x00000007e1a49de8) 
thrown [src/hotspot/share/interpreter/linkResolver.cpp, line 771]
Event: 1.268 Thread 0x000000012b80bc00 Exception <a 'java/lang/NoSuchMethodError'{0x00000007e185f390}: 'java.lang.Object java.lang.invoke.DirectMethodHandle$Holder.invokeSpecial(java.lang.Object, java.lang.Object, java.lang.Object, int, java.lang.Object)'> (0x00000007e185f390) 
thrown [src/hotspot/share/interpreter/linkResolver.cpp, line 771]
Event: 1.460 Thread 0x000000012b80bc00 Exception <a 'java/lang/NoSuchMethodError'{0x00000007e8804420}: 'java.lang.Object java.lang.invoke.DirectMethodHandle$Holder.invokeVirtual(java.lang.Object, java.lang.Object, java.lang.Object)'> (0x00000007e8804420) 
thrown [src/hotspot/share/interpreter/linkResolver.cpp, line 771]
Event: 1.463 Thread 0x000000012b80bc00 Exception <a 'java/lang/NoSuchMethodError'{0x00000007e8861608}: 'int java.lang.invoke.DirectMethodHandle$Holder.invokeStaticInit(java.lang.Object, java.lang.Object, java.lang.Object, java.lang.Object)'> (0x00000007e8861608) 
thrown [src/hotspot/share/interpreter/linkResolver.cpp, line 771]
Event: 1.463 Thread 0x000000012b80bc00 Exception <a 'java/lang/IncompatibleClassChangeError'{0x00000007e886b408}: Found class java.lang.Object, but interface was expected> (0x00000007e886b408) 
thrown [src/hotspot/share/interpreter/linkResolver.cpp, line 838]
Event: 1.463 Thread 0x000000012b80bc00 Exception <a 'java/lang/NoSuchMethodError'{0x00000007e886eca0}: 'void java.lang.invoke.DirectMethodHandle$Holder.invokeStaticInit(java.lang.Object, java.lang.Object)'> (0x00000007e886eca0) 
thrown [src/hotspot/share/interpreter/linkResolver.cpp, line 771]
Event: 1.464 Thread 0x000000012b80bc00 Exception <a 'java/lang/NoSuchMethodError'{0x00000007e8877d88}: 'int java.lang.invoke.DirectMethodHandle$Holder.invokeStaticInit(java.lang.Object, java.lang.Object)'> (0x00000007e8877d88) 
thrown [src/hotspot/share/interpreter/linkResolver.cpp, line 771]
Event: 1.474 Thread 0x000000012b80bc00 Exception <a 'java/lang/ClassNotFoundException'{0x00000007e861abc0}: java/lang/ClassLoader$ByteBuddyAccessor$V1> (0x00000007e861abc0) 
thrown [src/hotspot/share/classfile/systemDictionary.cpp, line 256]

VM Operations (20 events):
Event: 3.848 Executing VM operation: ChangeBreakpoints
Event: 3.849 Executing VM operation: ChangeBreakpoints done
Event: 3.849 Executing VM operation: ChangeBreakpoints
Event: 3.850 Executing VM operation: ChangeBreakpoints done
Event: 3.850 Executing VM operation: ChangeBreakpoints
Event: 3.850 Executing VM operation: ChangeBreakpoints done
Event: 3.850 Executing VM operation: ChangeBreakpoints
Event: 3.851 Executing VM operation: ChangeBreakpoints done
Event: 3.851 Executing VM operation: ChangeSingleStep
Event: 3.851 Executing VM operation: ChangeSingleStep done
Event: 3.855 Executing VM operation: ChangeSingleStep
Event: 3.855 Executing VM operation: ChangeSingleStep done
Event: 3.855 Executing VM operation: ChangeSingleStep
Event: 3.855 Executing VM operation: ChangeSingleStep done
Event: 3.855 Executing VM operation: ChangeSingleStep
Event: 3.855 Executing VM operation: ChangeSingleStep done
Event: 3.858 Executing VM operation: HandshakeAllThreads
Event: 3.858 Executing VM operation: HandshakeAllThreads done
Event: 3.884 Executing VM operation: HandshakeAllThreads
Event: 3.884 Executing VM operation: HandshakeAllThreads done

Events (20 events):
Event: 3.887 loading class sun/util/PreHashedMap done
Event: 3.887 loading class sun/nio/cs/StandardCharsets$Aliases done
Event: 3.887 loading class sun/nio/cs/StandardCharsets$Cache
Event: 3.887 loading class sun/nio/cs/StandardCharsets$Cache done
Event: 3.887 loading class com/appoxee/internal/util/Logger
Event: 3.887 loading class com/appoxee/internal/util/Logger done
Event: 3.887 loading class okio/OutputStreamSink
Event: 3.887 loading class okio/OutputStreamSink done
Event: 3.888 loading class okio/AsyncTimeout$sink$1
Event: 3.888 loading class okio/AsyncTimeout$sink$1 done
Event: 3.888 loading class okio/RealBufferedSink
Event: 3.888 loading class okio/RealBufferedSink done
Event: 3.888 loading class sun/nio/ch/Util$BufferCache
Event: 3.888 loading class sun/nio/ch/Util$BufferCache done
Event: 3.889 loading class com/appoxee/internal/util/Logger$Companion
Event: 3.889 loading class com/appoxee/internal/util/Logger$Companion done
Event: 3.913 loading class java/lang/invoke/BoundMethodHandle$Species_LLLLLLLLLL
Event: 3.913 loading class java/lang/invoke/BoundMethodHandle$Species_LLLLLLLLLL done
Event: 3.918 loading class java/lang/invoke/BoundMethodHandle$Species_LLLLLLLLLLL
Event: 3.918 loading class java/lang/invoke/BoundMethodHandle$Species_LLLLLLLLLLL done


Dynamic libraries:
0x0000000100934000 	/Applications/Android Studio.app/Contents/jbr/Contents/Home/lib/libjli.dylib
0x00000001973f5000 	/usr/lib/libz.1.dylib
0x00000001974b1000 	/usr/lib/libSystem.B.dylib
0x00000001974ab000 	/usr/lib/system/libcache.dylib
0x0000000197467000 	/usr/lib/system/libcommonCrypto.dylib
0x0000000197492000 	/usr/lib/system/libcompiler_rt.dylib
0x0000000197488000 	/usr/lib/system/libcopyfile.dylib
0x000000018a9d7000 	/usr/lib/system/libcorecrypto.dylib
0x000000018aaac000 	/usr/lib/system/libdispatch.dylib
0x000000018ac63000 	/usr/lib/system/libdyld.dylib
0x00000001974a1000 	/usr/lib/system/libkeymgr.dylib
0x000000019743f000 	/usr/lib/system/libmacho.dylib
0x00000001969dc000 	/usr/lib/system/libquarantine.dylib
0x000000019749e000 	/usr/lib/system/libremovefile.dylib
0x0000000190324000 	/usr/lib/system/libsystem_asl.dylib
0x000000018a970000 	/usr/lib/system/libsystem_blocks.dylib
0x000000018aaf6000 	/usr/lib/system/libsystem_c.dylib
0x0000000197496000 	/usr/lib/system/libsystem_collections.dylib
0x0000000195cb9000 	/usr/lib/system/libsystem_configuration.dylib
0x0000000194d3f000 	/usr/lib/system/libsystem_containermanager.dylib
0x00000001970e2000 	/usr/lib/system/libsystem_coreservices.dylib
0x000000018dfff000 	/usr/lib/system/libsystem_darwin.dylib
0x000000022a13e000 	/usr/lib/system/libsystem_darwindirectory.dylib
0x00000001974a2000 	/usr/lib/system/libsystem_dnssd.dylib
0x000000018aaf3000 	/usr/lib/system/libsystem_featureflags.dylib
0x000000018ac8f000 	/usr/lib/system/libsystem_info.dylib
0x0000000197404000 	/usr/lib/system/libsystem_m.dylib
0x000000018aa75000 	/usr/lib/system/libsystem_malloc.dylib
0x0000000190294000 	/usr/lib/system/libsystem_networkextension.dylib
0x000000018e471000 	/usr/lib/system/libsystem_notify.dylib
0x0000000195cbe000 	/usr/lib/system/libsystem_sandbox.dylib
0x000000019749b000 	/usr/lib/system/libsystem_secinit.dylib
0x000000018ac1b000 	/usr/lib/system/libsystem_kernel.dylib
0x000000018ac88000 	/usr/lib/system/libsystem_platform.dylib
0x000000018ac56000 	/usr/lib/system/libsystem_pthread.dylib
0x0000000191cdb000 	/usr/lib/system/libsystem_symptoms.dylib
0x000000018a9bc000 	/usr/lib/system/libsystem_trace.dylib
0x0000000197475000 	/usr/lib/system/libunwind.dylib
0x000000018a975000 	/usr/lib/system/libxpc.dylib
0x000000018ac03000 	/usr/lib/libc++abi.dylib
0x000000018a88c000 	/usr/lib/libobjc.A.dylib
0x0000000197480000 	/usr/lib/liboah.dylib
0x000000018ab75000 	/usr/lib/libc++.1.dylib
0x00000001a488a000 	/System/Library/Frameworks/Cocoa.framework/Versions/A/Cocoa
0x000000018e4d9000 	/System/Library/Frameworks/AppKit.framework/Versions/C/AppKit
0x0000000191503000 	/System/Library/Frameworks/CoreData.framework/Versions/A/CoreData
0x000000018bde6000 	/System/Library/Frameworks/Foundation.framework/Versions/C/Foundation
0x000000018f7ee000 	/System/Library/PrivateFrameworks/UIFoundation.framework/Versions/A/UIFoundation
0x00000001ff5f7000 	/System/Library/PrivateFrameworks/CollectionViewCore.framework/Versions/A/CollectionViewCore
0x000000019e5e6000 	/System/Library/PrivateFrameworks/RemoteViewServices.framework/Versions/A/RemoteViewServices
0x000000019555c000 	/System/Library/PrivateFrameworks/XCTTargetBootstrap.framework/Versions/A/XCTTargetBootstrap
0x0000000199a99000 	/System/Library/PrivateFrameworks/InternationalSupport.framework/Versions/A/InternationalSupport
0x0000000199b20000 	/System/Library/PrivateFrameworks/UserActivity.framework/Versions/A/UserActivity
0x0000000221a8b000 	/System/Library/PrivateFrameworks/WindowManagement.framework/Versions/A/WindowManagement
0x000000018ba70000 	/System/Library/Frameworks/SystemConfiguration.framework/Versions/A/SystemConfiguration
0x0000000198f3c000 	/usr/lib/libspindump.dylib
0x000000018f9a2000 	/System/Library/Frameworks/UniformTypeIdentifiers.framework/Versions/A/UniformTypeIdentifiers
0x00000001934ba000 	/usr/lib/libapp_launch_measurement.dylib
0x00000001928c9000 	/System/Library/PrivateFrameworks/CoreAnalytics.framework/Versions/A/CoreAnalytics
0x00000001934c1000 	/System/Library/PrivateFrameworks/CoreAutoLayout.framework/Versions/A/CoreAutoLayout
0x0000000194d8b000 	/System/Library/Frameworks/Metal.framework/Versions/A/Metal
0x0000000195cca000 	/usr/lib/liblangid.dylib
0x0000000195562000 	/System/Library/PrivateFrameworks/CoreSVG.framework/Versions/A/CoreSVG
0x000000019035d000 	/System/Library/PrivateFrameworks/SkyLight.framework/Versions/A/SkyLight
0x00000001907ef000 	/System/Library/Frameworks/CoreGraphics.framework/Versions/A/CoreGraphics
0x000000019ed2e000 	/System/Library/Frameworks/Accelerate.framework/Versions/A/Accelerate
0x0000000198d9a000 	/System/Library/PrivateFrameworks/IconServices.framework/Versions/A/IconServices
0x0000000194d69000 	/System/Library/Frameworks/IOSurface.framework/Versions/A/IOSurface
0x00000001928f8000 	/usr/lib/libDiagnosticMessagesClient.dylib
0x00000001a2404000 	/System/Library/Frameworks/ApplicationServices.framework/Versions/A/ApplicationServices
0x0000000195544000 	/System/Library/PrivateFrameworks/DFRFoundation.framework/Versions/A/DFRFoundation
0x000000018dd46000 	/usr/lib/libicucore.A.dylib
0x000000019aafa000 	/System/Library/Frameworks/AudioToolbox.framework/Versions/A/AudioToolbox
0x0000000199aa5000 	/System/Library/PrivateFrameworks/DataDetectorsCore.framework/Versions/A/DataDetectorsCore
0x00000001b2a07000 	/System/Library/PrivateFrameworks/TextInput.framework/Versions/A/TextInput
0x00000001902b0000 	/usr/lib/libMobileGestalt.dylib
0x0000000195284000 	/System/Library/Frameworks/Carbon.framework/Versions/A/Frameworks/HIToolbox.framework/Versions/A/HIToolbox
0x0000000192dca000 	/System/Library/Frameworks/QuartzCore.framework/Versions/A/QuartzCore
0x000000018d984000 	/System/Library/Frameworks/Security.framework/Versions/A/Security
0x000000019e626000 	/System/Library/Frameworks/Carbon.framework/Versions/A/Frameworks/SpeechRecognition.framework/Versions/A/SpeechRecognition
0x00000001931e8000 	/System/Library/PrivateFrameworks/CoreUI.framework/Versions/A/CoreUI
0x000000018d296000 	/System/Library/Frameworks/CoreAudio.framework/Versions/A/CoreAudio
0x00000001929dc000 	/System/Library/Frameworks/DiskArbitration.framework/Versions/A/DiskArbitration
0x0000000199392000 	/System/Library/PrivateFrameworks/MultitouchSupport.framework/Versions/A/MultitouchSupport
0x00000001902ae000 	/usr/lib/libenergytrace.dylib
0x00000001a8859000 	/System/Library/PrivateFrameworks/RenderBox.framework/Versions/A/RenderBox
0x000000018e390000 	/System/Library/Frameworks/IOKit.framework/Versions/A/IOKit
0x000000019ea2a000 	/System/Library/Frameworks/CoreServices.framework/Versions/A/CoreServices
0x0000000193446000 	/System/Library/PrivateFrameworks/PerformanceAnalysis.framework/Versions/A/PerformanceAnalysis
0x00000001f2b6e000 	/System/Library/Frameworks/OpenGL.framework/Versions/A/OpenGL
0x000000019350b000 	/usr/lib/libxml2.2.dylib
0x00000001968f7000 	/System/Library/PrivateFrameworks/MobileKeyBag.framework/Versions/A/MobileKeyBag
0x000000019e9a7000 	/System/Library/Frameworks/Accessibility.framework/Versions/A/Accessibility
0x0000000190ecc000 	/System/Library/Frameworks/ColorSync.framework/Versions/A/ColorSync
0x000000018acbc000 	/System/Library/Frameworks/CoreFoundation.framework/Versions/A/CoreFoundation
0x00000001958b7000 	/System/Library/Frameworks/CoreImage.framework/Versions/A/CoreImage
0x000000018d0a2000 	/System/Library/Frameworks/CoreText.framework/Versions/A/CoreText
0x00000001f538a000 	/System/Library/Frameworks/CoreTransferable.framework/Versions/A/CoreTransferable
0x00000001f586c000 	/System/Library/Frameworks/DeveloperToolsSupport.framework/Versions/A/DeveloperToolsSupport
0x000000019559d000 	/System/Library/Frameworks/ImageIO.framework/Versions/A/ImageIO
0x00000001f9fed000 	/System/Library/Frameworks/Symbols.framework/Versions/A/Symbols
0x00000001974b7000 	/System/Library/PrivateFrameworks/SoftLinking.framework/Versions/A/SoftLinking
0x000000019a4cd000 	/usr/lib/swift/libswiftCore.dylib
0x00000001af7ba000 	/usr/lib/swift/libswiftCoreFoundation.dylib
0x00000001ad589000 	/usr/lib/swift/libswiftCoreGraphics.dylib
0x00000001af806000 	/usr/lib/swift/libswiftCoreImage.dylib
0x00000001ad590000 	/usr/lib/swift/libswiftDarwin.dylib
0x00000001a0091000 	/usr/lib/swift/libswiftDispatch.dylib
0x00000001af807000 	/usr/lib/swift/libswiftIOKit.dylib
0x00000001bb15a000 	/usr/lib/swift/libswiftMetal.dylib
0x00000001c7a7f000 	/usr/lib/swift/libswiftOSLog.dylib
0x00000001a286b000 	/usr/lib/swift/libswiftObjectiveC.dylib
0x00000001bedc2000 	/usr/lib/swift/libswiftQuartzCore.dylib
0x00000001c2de2000 	/usr/lib/swift/libswiftUniformTypeIdentifiers.dylib
0x00000001af7d0000 	/usr/lib/swift/libswiftXPC.dylib
0x0000000229e14000 	/usr/lib/swift/libswift_Concurrency.dylib
0x00000001a286f000 	/usr/lib/swift/libswiftos.dylib
0x00000001b296b000 	/usr/lib/swift/libswiftsimd.dylib
0x0000000197664000 	/usr/lib/libcompression.dylib
0x00000001999f3000 	/System/Library/PrivateFrameworks/TextureIO.framework/Versions/A/TextureIO
0x0000000198a4d000 	/usr/lib/libate.dylib
0x0000000198900000 	/usr/lib/liblzma.5.dylib
0x00000001974b3000 	/usr/lib/libfakelink.dylib
0x000000018fec3000 	/System/Library/Frameworks/CFNetwork.framework/Versions/A/CFNetwork
0x0000000197507000 	/usr/lib/libarchive.2.dylib
0x000000019c927000 	/System/Library/Frameworks/Combine.framework/Versions/A/Combine
0x00000001ff60b000 	/System/Library/PrivateFrameworks/CollectionsInternal.framework/Versions/A/CollectionsInternal
0x000000021514e000 	/System/Library/PrivateFrameworks/ReflectionInternal.framework/Versions/A/ReflectionInternal
0x000000021573a000 	/System/Library/PrivateFrameworks/RuntimeInternal.framework/Versions/A/RuntimeInternal
0x0000000229f5d000 	/usr/lib/swift/libswift_StringProcessing.dylib
0x000000018e30f000 	/System/Library/PrivateFrameworks/CoreServicesInternal.framework/Versions/A/CoreServicesInternal
0x0000000196a03000 	/usr/lib/libbsm.0.dylib
0x0000000197447000 	/usr/lib/system/libkxld.dylib
0x0000000193482000 	/System/Library/Frameworks/CoreServices.framework/Versions/A/Frameworks/FSEvents.framework/Versions/A/FSEvents
0x000000018e00a000 	/System/Library/Frameworks/CoreServices.framework/Versions/A/Frameworks/CarbonCore.framework/Versions/A/CarbonCore
0x0000000192941000 	/System/Library/Frameworks/CoreServices.framework/Versions/A/Frameworks/Metadata.framework/Versions/A/Metadata
0x00000001970e8000 	/System/Library/Frameworks/CoreServices.framework/Versions/A/Frameworks/OSServices.framework/Versions/A/OSServices
0x0000000197590000 	/System/Library/Frameworks/CoreServices.framework/Versions/A/Frameworks/SearchKit.framework/Versions/A/SearchKit
0x0000000191c5d000 	/System/Library/Frameworks/CoreServices.framework/Versions/A/Frameworks/AE.framework/Versions/A/AE
0x000000018b194000 	/System/Library/Frameworks/CoreServices.framework/Versions/A/Frameworks/LaunchServices.framework/Versions/A/LaunchServices
0x00000001988a9000 	/System/Library/Frameworks/CoreServices.framework/Versions/A/Frameworks/DictionaryServices.framework/Versions/A/DictionaryServices
0x000000019348f000 	/System/Library/Frameworks/CoreServices.framework/Versions/A/Frameworks/SharedFileList.framework/Versions/A/SharedFileList
0x000000019762f000 	/usr/lib/libapple_nghttp2.dylib
0x00000001918f3000 	/usr/lib/libsqlite3.dylib
0x0000000191ce4000 	/System/Library/Frameworks/Network.framework/Versions/A/Network
0x00000002288b2000 	/usr/lib/libCoreEntitlements.dylib
0x00000002105e1000 	/System/Library/PrivateFrameworks/MessageSecurity.framework/Versions/A/MessageSecurity
0x00000001918d9000 	/System/Library/PrivateFrameworks/ProtocolBuffer.framework/Versions/A/ProtocolBuffer
0x0000000197011000 	/System/Library/PrivateFrameworks/AppleFSCompression.framework/Versions/A/AppleFSCompression
0x00000001969eb000 	/usr/lib/libcoretls.dylib
0x0000000198919000 	/usr/lib/libcoretls_cfhelpers.dylib
0x000000019765e000 	/usr/lib/libpam.2.dylib
0x000000019898a000 	/usr/lib/libxar.1.dylib
0x0000000198d71000 	/usr/lib/libheimdal-asn1.dylib
0x000000018fec2000 	/usr/lib/libnetwork.dylib
0x00000001974b8000 	/usr/lib/libpcap.A.dylib
0x0000000191cd1000 	/usr/lib/libdns_services.dylib
0x0000000195cc6000 	/System/Library/PrivateFrameworks/AppleSystemInfo.framework/Versions/A/AppleSystemInfo
0x00000001966ed000 	/System/Library/PrivateFrameworks/IOMobileFramebuffer.framework/Versions/A/IOMobileFramebuffer
0x0000000229eb1000 	/usr/lib/swift/libswift_RegexParser.dylib
0x00000001970d5000 	/usr/lib/libbz2.1.0.dylib
0x00000001969df000 	/usr/lib/libCheckFix.dylib
0x000000019033c000 	/System/Library/PrivateFrameworks/TCC.framework/Versions/A/TCC
0x0000000195ccc000 	/System/Library/PrivateFrameworks/CoreNLP.framework/Versions/A/CoreNLP
0x00000001928fa000 	/System/Library/PrivateFrameworks/MetadataUtilities.framework/Versions/A/MetadataUtilities
0x0000000196a15000 	/usr/lib/libmecab.dylib
0x000000018bb03000 	/usr/lib/libCRFSuite.dylib
0x0000000196a71000 	/usr/lib/libgermantok.dylib
0x0000000197607000 	/usr/lib/libThaiTokenizer.dylib
0x00000001929e5000 	/System/Library/Frameworks/Accelerate.framework/Versions/A/Frameworks/vImage.framework/Versions/A/vImage
0x000000019ea01000 	/System/Library/Frameworks/Accelerate.framework/Versions/A/Frameworks/vecLib.framework/Versions/A/vecLib
0x00000001989d1000 	/System/Library/Frameworks/Accelerate.framework/Versions/A/Frameworks/vecLib.framework/Versions/A/libvMisc.dylib
0x00000001965c9000 	/System/Library/Frameworks/Accelerate.framework/Versions/A/Frameworks/vecLib.framework/Versions/A/libvDSP.dylib
0x000000018b592000 	/System/Library/Frameworks/Accelerate.framework/Versions/A/Frameworks/vecLib.framework/Versions/A/libBLAS.dylib
0x0000000197737000 	/System/Library/Frameworks/Accelerate.framework/Versions/A/Frameworks/vecLib.framework/Versions/A/libLAPACK.dylib
0x0000000196a74000 	/System/Library/Frameworks/Accelerate.framework/Versions/A/Frameworks/vecLib.framework/Versions/A/libLinearAlgebra.dylib
0x0000000197649000 	/System/Library/Frameworks/Accelerate.framework/Versions/A/Frameworks/vecLib.framework/Versions/A/libSparseBLAS.dylib
0x0000000197732000 	/System/Library/Frameworks/Accelerate.framework/Versions/A/Frameworks/vecLib.framework/Versions/A/libQuadrature.dylib
0x0000000195dee000 	/System/Library/Frameworks/Accelerate.framework/Versions/A/Frameworks/vecLib.framework/Versions/A/libBNNS.dylib
0x000000018ba09000 	/System/Library/Frameworks/Accelerate.framework/Versions/A/Frameworks/vecLib.framework/Versions/A/libSparse.dylib
0x000000020ee14000 	/System/Library/PrivateFrameworks/MIL.framework/Versions/A/MIL
0x00000001974ee000 	/usr/lib/libiconv.2.dylib
0x000000019743b000 	/usr/lib/libcharset.1.dylib
0x0000000193462000 	/System/Library/Frameworks/OpenDirectory.framework/Versions/A/Frameworks/CFOpenDirectory.framework/Versions/A/CFOpenDirectory
0x0000000193452000 	/System/Library/Frameworks/OpenDirectory.framework/Versions/A/OpenDirectory
0x000000019891b000 	/System/Library/PrivateFrameworks/APFS.framework/Versions/A/APFS
0x000000019691d000 	/System/Library/Frameworks/SecurityFoundation.framework/Versions/A/SecurityFoundation
0x0000000198999000 	/usr/lib/libutil.dylib
0x000000020d0d7000 	/System/Library/PrivateFrameworks/InstalledContentLibrary.framework/Versions/A/InstalledContentLibrary
0x000000018e34f000 	/System/Library/PrivateFrameworks/CoreServicesStore.framework/Versions/A/CoreServicesStore
0x00000001fd217000 	/System/Library/PrivateFrameworks/AppleMobileFileIntegrity.framework/Versions/A/AppleMobileFileIntegrity
0x00000001af799000 	/usr/lib/libmis.dylib
0x00000001bf289000 	/System/Library/PrivateFrameworks/MobileSystemServices.framework/Versions/A/MobileSystemServices
0x00000001eff71000 	/System/Library/PrivateFrameworks/ConfigProfileHelper.framework/Versions/A/ConfigProfileHelper
0x0000000197609000 	/System/Library/PrivateFrameworks/AppleSauce.framework/Versions/A/AppleSauce
0x000000018ca34000 	/System/Library/PrivateFrameworks/LanguageModeling.framework/Versions/A/LanguageModeling
0x000000019899d000 	/usr/lib/libxslt.1.dylib
0x00000001974f5000 	/usr/lib/libcmph.dylib
0x00000001966ba000 	/System/Library/PrivateFrameworks/CoreEmoji.framework/Versions/A/CoreEmoji
0x0000000195de8000 	/System/Library/PrivateFrameworks/LinguisticData.framework/Versions/A/LinguisticData
0x000000018b91c000 	/System/Library/PrivateFrameworks/Lexicon.framework/Versions/A/Lexicon
0x00000001969ab000 	/System/Library/PrivateFrameworks/BackgroundTaskManagement.framework/Versions/A/BackgroundTaskManagement
0x0000000228a9b000 	/usr/lib/libTLE.dylib
0x0000000199258000 	/System/Library/PrivateFrameworks/AppleJPEG.framework/Versions/A/AppleJPEG
0x0000000198d56000 	/usr/lib/libexpat.1.dylib
0x0000000199852000 	/System/Library/Frameworks/ImageIO.framework/Versions/A/Resources/libPng.dylib
0x000000019987d000 	/System/Library/Frameworks/ImageIO.framework/Versions/A/Resources/libTIFF.dylib
0x0000000199968000 	/System/Library/Frameworks/ImageIO.framework/Versions/A/Resources/libGIF.dylib
0x000000019929e000 	/System/Library/Frameworks/ImageIO.framework/Versions/A/Resources/libJP2.dylib
0x000000019990d000 	/System/Library/Frameworks/ImageIO.framework/Versions/A/Resources/libJPEG.dylib
0x0000000199904000 	/System/Library/Frameworks/ImageIO.framework/Versions/A/Resources/libRadiance.dylib
0x000000019511f000 	/System/Library/PrivateFrameworks/FontServices.framework/libFontParser.dylib
0x0000000191bfb000 	/System/Library/PrivateFrameworks/RunningBoardServices.framework/Versions/A/RunningBoardServices
0x00000001a5106000 	/System/Library/PrivateFrameworks/IOSurfaceAccelerator.framework/Versions/A/IOSurfaceAccelerator
0x000000019938e000 	/System/Library/PrivateFrameworks/WatchdogClient.framework/Versions/A/WatchdogClient
0x000000018cc17000 	/System/Library/Frameworks/CoreDisplay.framework/Versions/A/CoreDisplay
0x0000000194fd9000 	/System/Library/Frameworks/CoreMedia.framework/Versions/A/CoreMedia
0x0000000194d81000 	/System/Library/PrivateFrameworks/IOAccelerator.framework/Versions/A/IOAccelerator
0x00000001935f4000 	/System/Library/Frameworks/CoreVideo.framework/Versions/A/CoreVideo
0x000000019765c000 	/System/Library/Frameworks/MetalPerformanceShaders.framework/Versions/A/MetalPerformanceShaders
0x00000001993d1000 	/System/Library/Frameworks/VideoToolbox.framework/Versions/A/VideoToolbox
0x000000019368f000 	/System/Library/PrivateFrameworks/UserManagement.framework/Versions/A/UserManagement
0x0000000191b2a000 	/System/Library/PrivateFrameworks/BaseBoard.framework/Versions/A/BaseBoard
0x0000000195cc4000 	/System/Library/PrivateFrameworks/AggregateDictionary.framework/Versions/A/AggregateDictionary
0x00000001fd197000 	/System/Library/PrivateFrameworks/AppleKeyStore.framework/Versions/A/AppleKeyStore
0x00000001998ff000 	/System/Library/PrivateFrameworks/GPUWrangler.framework/Versions/A/GPUWrangler
0x00000001998df000 	/System/Library/PrivateFrameworks/IOPresentment.framework/Versions/A/IOPresentment
0x0000000199907000 	/System/Library/PrivateFrameworks/DSExternalDisplay.framework/Versions/A/DSExternalDisplay
0x0000000209288000 	/System/Library/PrivateFrameworks/GPUCompiler.framework/Versions/32023/Libraries/libllvm-flatbuffers.dylib
0x00000001f2b61000 	/System/Library/Frameworks/OpenGL.framework/Versions/A/Libraries/libCoreFSCache.dylib
0x0000000205f44000 	/System/Library/PrivateFrameworks/GPUCompiler.framework/Versions/32023/Libraries/libGPUCompilerUtils.dylib
0x000000019996e000 	/System/Library/PrivateFrameworks/CMCaptureCore.framework/Versions/A/CMCaptureCore
0x00000001f5971000 	/System/Library/Frameworks/ExtensionFoundation.framework/Versions/A/ExtensionFoundation
0x00000001a08ca000 	/System/Library/PrivateFrameworks/CoreTime.framework/Versions/A/CoreTime
0x0000000198f27000 	/System/Library/PrivateFrameworks/AppServerSupport.framework/Versions/A/AppServerSupport
0x000000019b479000 	/System/Library/PrivateFrameworks/perfdata.framework/Versions/A/perfdata
0x000000018cd3b000 	/System/Library/PrivateFrameworks/AudioToolboxCore.framework/Versions/A/AudioToolboxCore
0x0000000194faf000 	/System/Library/PrivateFrameworks/caulk.framework/Versions/A/caulk
0x000000019acf4000 	/usr/lib/libAudioStatistics.dylib
0x00000001aeb37000 	/System/Library/PrivateFrameworks/SystemPolicy.framework/Versions/A/SystemPolicy
0x000000019afcc000 	/usr/lib/libSMC.dylib
0x00000001a4719000 	/System/Library/Frameworks/CoreMIDI.framework/Versions/A/CoreMIDI
0x0000000199819000 	/usr/lib/libAudioToolboxUtility.dylib
0x00000001aa4e9000 	/System/Library/PrivateFrameworks/OSAServicesClient.framework/Versions/A/OSAServicesClient
0x000000019b487000 	/usr/lib/libperfcheck.dylib
0x0000000198c40000 	/System/Library/PrivateFrameworks/PlugInKit.framework/Versions/A/PlugInKit
0x000000019690f000 	/System/Library/PrivateFrameworks/AssertionServices.framework/Versions/A/AssertionServices
0x00000001a3833000 	/System/Library/PrivateFrameworks/ASEProcessing.framework/Versions/A/ASEProcessing
0x00000001cadf9000 	/System/Library/PrivateFrameworks/Symbolication.framework/Versions/A/Symbolication
0x00000002141cf000 	/System/Library/PrivateFrameworks/PhotosensitivityProcessing.framework/Versions/A/PhotosensitivityProcessing
0x0000000198ed9000 	/System/Library/PrivateFrameworks/GraphVisualizer.framework/Versions/A/GraphVisualizer
0x00000001f2bc3000 	/System/Library/Frameworks/OpenGL.framework/Versions/A/Libraries/libGLU.dylib
0x00000001f2b82000 	/System/Library/Frameworks/OpenGL.framework/Versions/A/Libraries/libGFXShared.dylib
0x00000001f2d5b000 	/System/Library/Frameworks/OpenGL.framework/Versions/A/Libraries/libGL.dylib
0x00000001f2b8b000 	/System/Library/Frameworks/OpenGL.framework/Versions/A/Libraries/libGLImage.dylib
0x00000001f2b7f000 	/System/Library/Frameworks/OpenGL.framework/Versions/A/Libraries/libCVMSPluginSupport.dylib
0x0000000228a54000 	/usr/lib/libRosetta.dylib
0x00000001f2b68000 	/System/Library/Frameworks/OpenGL.framework/Versions/A/Libraries/libCoreVMClient.dylib
0x0000000204166000 	/System/Library/PrivateFrameworks/FontServices.framework/Versions/A/FontServices
0x0000000198ee5000 	/System/Library/PrivateFrameworks/OTSVG.framework/Versions/A/OTSVG
0x0000000193196000 	/System/Library/Frameworks/ApplicationServices.framework/Versions/A/Frameworks/ATS.framework/Versions/A/Resources/libFontRegistry.dylib
0x0000000198f31000 	/System/Library/PrivateFrameworks/FontServices.framework/libhvf.dylib
0x0000000204167000 	/System/Library/PrivateFrameworks/FontServices.framework/libXTFontStaticRegistryData.dylib
0x0000000195c3b000 	/System/Library/Frameworks/MetalPerformanceShaders.framework/Versions/A/Frameworks/MPSCore.framework/Versions/A/MPSCore
0x0000000196f84000 	/System/Library/Frameworks/MetalPerformanceShaders.framework/Versions/A/Frameworks/MPSImage.framework/Versions/A/MPSImage
0x0000000196a89000 	/System/Library/Frameworks/MetalPerformanceShaders.framework/Versions/A/Frameworks/MPSNeuralNetwork.framework/Versions/A/MPSNeuralNetwork
0x0000000196e77000 	/System/Library/Frameworks/MetalPerformanceShaders.framework/Versions/A/Frameworks/MPSMatrix.framework/Versions/A/MPSMatrix
0x0000000196c83000 	/System/Library/Frameworks/MetalPerformanceShaders.framework/Versions/A/Frameworks/MPSRayIntersector.framework/Versions/A/MPSRayIntersector
0x0000000196ea6000 	/System/Library/Frameworks/MetalPerformanceShaders.framework/Versions/A/Frameworks/MPSNDArray.framework/Versions/A/MPSNDArray
0x00000001f7883000 	/System/Library/Frameworks/MetalPerformanceShaders.framework/Versions/A/Frameworks/MPSFunctions.framework/Versions/A/MPSFunctions
0x00000001f7865000 	/System/Library/Frameworks/MetalPerformanceShaders.framework/Versions/A/Frameworks/MPSBenchmarkLoop.framework/Versions/A/MPSBenchmarkLoop
0x000000018b447000 	/System/Library/PrivateFrameworks/MetalTools.framework/Versions/A/MetalTools
0x00000001b3b23000 	/System/Library/PrivateFrameworks/IOAccelMemoryInfo.framework/Versions/A/IOAccelMemoryInfo
0x00000001bf196000 	/System/Library/PrivateFrameworks/kperf.framework/Versions/A/kperf
0x00000001af7ad000 	/System/Library/PrivateFrameworks/GPURawCounter.framework/Versions/A/GPURawCounter
0x00000001a07ba000 	/System/Library/PrivateFrameworks/CoreSymbolication.framework/Versions/A/CoreSymbolication
0x00000001af76a000 	/System/Library/PrivateFrameworks/MallocStackLogging.framework/Versions/A/MallocStackLogging
0x0000000198ae7000 	/System/Library/PrivateFrameworks/CrashReporterSupport.framework/Versions/A/CrashReporterSupport
0x00000001a0775000 	/System/Library/PrivateFrameworks/DebugSymbols.framework/Versions/A/DebugSymbols
0x00000001be4e9000 	/System/Library/PrivateFrameworks/OSAnalytics.framework/Versions/A/OSAnalytics
0x000000021ffc5000 	/System/Library/PrivateFrameworks/VideoToolboxParavirtualizationSupport.framework/Versions/A/VideoToolboxParavirtualizationSupport
0x0000000198d0a000 	/System/Library/PrivateFrameworks/AppleVA.framework/Versions/A/AppleVA
0x000000019ad3c000 	/System/Library/Frameworks/ApplicationServices.framework/Versions/A/Frameworks/ATS.framework/Versions/A/ATS
0x000000019107b000 	/System/Library/Frameworks/ApplicationServices.framework/Versions/A/Frameworks/HIServices.framework/Versions/A/HIServices
0x000000019997b000 	/System/Library/Frameworks/ApplicationServices.framework/Versions/A/Frameworks/PrintCore.framework/Versions/A/PrintCore
0x000000019b125000 	/System/Library/Frameworks/ApplicationServices.framework/Versions/A/Frameworks/QD.framework/Versions/A/QD
0x000000019b119000 	/System/Library/Frameworks/ApplicationServices.framework/Versions/A/Frameworks/ColorSyncLegacy.framework/Versions/A/ColorSyncLegacy
0x000000019ad0c000 	/System/Library/Frameworks/ApplicationServices.framework/Versions/A/Frameworks/SpeechSynthesis.framework/Versions/A/SpeechSynthesis
0x0000000199938000 	/System/Library/Frameworks/ApplicationServices.framework/Versions/A/Frameworks/ATSUI.framework/Versions/A/ATSUI
0x000000019b0ac000 	/usr/lib/libcups.2.dylib
0x000000019b495000 	/System/Library/Frameworks/Kerberos.framework/Versions/A/Kerberos
0x000000019b4a6000 	/System/Library/Frameworks/GSS.framework/Versions/A/GSS
0x000000019adbb000 	/usr/lib/libresolv.9.dylib
0x0000000198f42000 	/System/Library/PrivateFrameworks/Heimdal.framework/Versions/A/Heimdal
0x00000001a27d7000 	/System/Library/Frameworks/Kerberos.framework/Versions/A/Libraries/libHeimdalProxy.dylib
0x000000019b500000 	/System/Library/PrivateFrameworks/CommonAuth.framework/Versions/A/CommonAuth
0x00000001f4776000 	/System/Library/Frameworks/AVFAudio.framework/Versions/A/AVFAudio
0x00000001aa538000 	/System/Library/PrivateFrameworks/AXCoreUtilities.framework/Versions/A/AXCoreUtilities
0x000000019ac78000 	/System/Library/PrivateFrameworks/AudioSession.framework/Versions/A/AudioSession
0x000000019c6ca000 	/System/Library/Frameworks/IOBluetooth.framework/Versions/A/IOBluetooth
0x0000000198e15000 	/System/Library/PrivateFrameworks/MediaExperience.framework/Versions/A/MediaExperience
0x000000019aabc000 	/System/Library/PrivateFrameworks/AudioSession.framework/libSessionUtility.dylib
0x000000019b131000 	/System/Library/PrivateFrameworks/AudioResourceArbitration.framework/Versions/A/AudioResourceArbitration
0x000000019f753000 	/System/Library/PrivateFrameworks/PowerLog.framework/Versions/A/PowerLog
0x000000019f676000 	/System/Library/Frameworks/CoreBluetooth.framework/Versions/A/CoreBluetooth
0x00000001a27d8000 	/System/Library/Frameworks/AudioUnit.framework/Versions/A/AudioUnit
0x000000019677a000 	/System/Library/PrivateFrameworks/CoreUtils.framework/Versions/A/CoreUtils
0x0000000202737000 	/System/Library/PrivateFrameworks/CoreUtilsExtras.framework/Versions/A/CoreUtilsExtras
0x000000020cf6a000 	/System/Library/PrivateFrameworks/IO80211.framework/Versions/A/IO80211
0x00000001aa553000 	/usr/lib/libAccessibility.dylib
0x000000019ed7a000 	/System/Library/Frameworks/MediaAccessibility.framework/Versions/A/MediaAccessibility
0x00000001a02f2000 	/System/Library/PrivateFrameworks/FrontBoardServices.framework/Versions/A/FrontBoardServices
0x00000001a1dc1000 	/System/Library/PrivateFrameworks/BackBoardServices.framework/Versions/A/BackBoardServices
0x00000001a03ac000 	/System/Library/PrivateFrameworks/BoardServices.framework/Versions/A/BoardServices
0x0000000198d7c000 	/System/Library/PrivateFrameworks/IconFoundation.framework/Versions/A/IconFoundation
0x000000019e612000 	/System/Library/PrivateFrameworks/SpeechRecognitionCore.framework/Versions/A/SpeechRecognitionCore
0x00000001ce1b1000 	/System/Library/Frameworks/OSLog.framework/Versions/A/OSLog
0x00000001af6fa000 	/System/Library/PrivateFrameworks/LoggingSupport.framework/Versions/A/LoggingSupport
0x00000001019f4000 	/Applications/Android Studio.app/Contents/jbr/Contents/Home/lib/server/libjvm.dylib
0x00000001004e0000 	/Applications/Android Studio.app/Contents/jbr/Contents/Home/lib/libjimage.dylib
0x000000010053c000 	/Applications/Android Studio.app/Contents/jbr/Contents/Home/lib/libjdwp.dylib
0x0000000100584000 	/Applications/Android Studio.app/Contents/jbr/Contents/Home/lib/libjava.dylib
0x000000010050c000 	/Applications/Android Studio.app/Contents/jbr/Contents/Home/lib/libinstrument.dylib
0x00000001008ac000 	/Applications/Android Studio.app/Contents/jbr/Contents/Home/lib/libzip.dylib
0x0000000228757000 	/usr/lib/i18n/libiconv_std.dylib
0x000000022873f000 	/usr/lib/i18n/libUTF8.dylib
0x000000022875f000 	/usr/lib/i18n/libmapper_none.dylib
0x00000001013d4000 	/Applications/Android Studio.app/Contents/jbr/Contents/Home/lib/libdt_socket.dylib
0x0000000101620000 	/Applications/Android Studio.app/Contents/jbr/Contents/Home/lib/libnio.dylib
0x0000000101664000 	/Applications/Android Studio.app/Contents/jbr/Contents/Home/lib/libnet.dylib
0x0000000101640000 	/Applications/Android Studio.app/Contents/jbr/Contents/Home/lib/libverify.dylib
0x00000001013e8000 	/Applications/Android Studio.app/Contents/jbr/Contents/Home/lib/libextnet.dylib


VM Arguments:
jvm_args: -Djava.awt.headless=true -Dorg.gradle.internal.worker.tmpdir=/Users/semsudin.tafilovic/StudioProjects/mapp-engage/mapp-engage-sdk/build/tmp/testDebugUnitTest/work -Dorg.gradle.native=false -agentlib:jdwp=transport=dt_socket,server=n,suspend=y,address=127.0.0.1:53142 -javaagent:/Users/semsudin.tafilovic/.gradle/caches/modules-2/files-2.1/org.jetbrains.kotlinx/kotlinx-coroutines-core-jvm/1.7.3/2b09627576f0989a436a00a4a54b55fa5026fb86/kotlinx-coroutines-core-jvm-1.7.3.jar -Xmx512m -Dfile.encoding=UTF-8 -Duser.country=RS -Duser.language=en -Duser.variant -ea 
java_command: worker.org.gradle.process.internal.worker.GradleWorkerMain 'Gradle Test Executor 14'
java_class_path (initial): /Users/semsudin.tafilovic/.gradle/caches/8.0/workerMain/gradle-worker.jar:/Users/semsudin.tafilovic/StudioProjects/mapp-engage/mapp-engage-sdk/build/tmp/kotlin-classes/debugUnitTest:/Users/semsudin.tafilovic/StudioProjects/mapp-engage/mapp-engage-sdk/build/intermediates/java_res/debugUnitTest/out:/Users/semsudin.tafilovic/StudioProjects/mapp-engage/mapp-engage-sdk/build/intermediates/runtime_library_classes_jar/debug/classes.jar:/Users/semsudin.tafilovic/.gradle/caches/modules-2/files-2.1/com.google.truth/truth/1.1.5/93c2e0d029cea42ab21cfcaf8084a2ccfd10feef/truth-1.1.5.jar:/Users/semsudin.tafilovic/.gradle/caches/modules-2/files-2.1/com.squareup.okhttp3/mockwebserver/4.11.0/1dc21cc47456f1e564a698102e6505eff931780f/mockwebserver-4.11.0.jar:/Users/semsudin.tafilovic/.gradle/caches/modules-2/files-2.1/io.mockk/mockk-jvm/1.13.8/eac6861e0fe27adfd0bdf1109893b91806105cba/mockk-jvm-1.13.8.jar:/Users/semsudin.tafilovic/.gradle/caches/modules-2/files-2.1/junit/junit/4.13.2/8ac9e16d933b6fb43bc7f576336b8f4d7eb5ba12/junit-4.13.2.jar:/Users/semsudin.tafilovic/.gradle/caches/modules-2/files-2.1/org.junit.jupiter/junit-jupiter-params/5.9.1/ffcd1013edaeee112be11fcddeb38882d79238de/junit-jupiter-params-5.9.1.jar:/Users/semsudin.tafilovic/.gradle/caches/modules-2/files-2.1/org.junit.jupiter/junit-jupiter-engine/5.9.1/1bf771097bde296c3ab174861954e8aafaaf2e94/junit-jupiter-engine-5.9.1.jar:/Users/semsudin.tafilovic/.gradle/caches/modules-2/files-2.1/org.junit.jupiter/junit-jupiter-api/5.9.1/7bb53fbc0173e9f6a9d21d58297af94b1f2f9ce1/junit-jupiter-api-5.9.1.jar:/Users/semsudin.tafilovic/.gradle/caches/modules-2/files-2.1/org.junit.platform/junit-platform-engine/1.9.1/83591e5089d6cea5f324aa3ecca9b19d5a275803/junit-platform-engine-1.9.1.jar:/Users/semsudin.tafilovic/.gradle/caches/modules-2/files-2.1/org.junit.platform/junit-platform-commons/1.9.1/3145f821b5cd10abcdc5f925baa5fffa6f1b628f/junit-platform-commons-1.9.1.jar:/Users/semsudin.tafilovic/.gradle/caches/mo
Launcher Type: SUN_STANDARD

[Global flags]
     intx CICompilerCount                          = 4                                         {product} {ergonomic}
     uint ConcGCThreads                            = 2                                         {product} {ergonomic}
     uint G1ConcRefinementThreads                  = 8                                         {product} {ergonomic}
   size_t G1HeapRegionSize                         = 1048576                                   {product} {ergonomic}
    uintx GCDrainStackTargetSize                   = 64                                        {product} {ergonomic}
   size_t InitialHeapSize                          = 268435456                                 {product} {ergonomic}
   size_t MarkStackSize                            = 4194304                                   {product} {ergonomic}
   size_t MaxHeapSize                              = 536870912                                 {product} {command line}
   size_t MaxNewSize                               = 321912832                                 {product} {ergonomic}
   size_t MinHeapDeltaBytes                        = 1048576                                   {product} {ergonomic}
   size_t MinHeapSize                              = 8388608                                   {product} {ergonomic}
    uintx NonNMethodCodeHeapSize                   = 5839564                                {pd product} {ergonomic}
    uintx NonProfiledCodeHeapSize                  = 122909338                              {pd product} {ergonomic}
    uintx ProfiledCodeHeapSize                     = 122909338                              {pd product} {ergonomic}
    uintx ReservedCodeCacheSize                    = 251658240                              {pd product} {ergonomic}
     bool SegmentedCodeCache                       = true                                      {product} {ergonomic}
   size_t SoftMaxHeapSize                          = 536870912                              {manageable} {ergonomic}
     bool UseCompressedClassPointers               = true                           {product lp64_product} {ergonomic}
     bool UseCompressedOops                        = true                           {product lp64_product} {ergonomic}
     bool UseG1GC                                  = true                                      {product} {ergonomic}
     bool UseNUMA                                  = false                                     {product} {ergonomic}
     bool UseNUMAInterleaving                      = false                                     {product} {ergonomic}

Logging:
Log output configuration:
 #0: stdout all=warning uptime,level,tags
 #1: stderr all=off uptime,level,tags

Environment Variables:
PATH=/usr/local/bin:/System/Cryptexes/App/usr/bin:/usr/bin:/bin:/usr/sbin:/sbin:/var/run/com.apple.security.cryptexd/codex.system/bootstrap/usr/local/bin:/var/run/com.apple.security.cryptexd/codex.system/bootstrap/usr/bin:/var/run/com.apple.security.cryptexd/codex.system/bootstrap/usr/appleinternal/bin
SHELL=/bin/bash
LC_CTYPE=en_US.UTF-8
TMPDIR=/var/folders/t6/pvjmf_n16v706r03q_t_vlx58tvf6j/T/

Signal Handlers:
   SIGSEGV: crash_handler in libjvm.dylib, mask=11100110000111110111111111111111, flags=SA_RESTART|SA_SIGINFO
    SIGBUS: crash_handler in libjvm.dylib, mask=11100110000111110111111111111111, flags=SA_RESTART|SA_SIGINFO
    SIGFPE: crash_handler in libjvm.dylib, mask=11100110000111110111111111111111, flags=SA_RESTART|SA_SIGINFO
   SIGPIPE: javaSignalHandler in libjvm.dylib, mask=11100110000111110111111111111111, flags=SA_RESTART|SA_SIGINFO
   SIGXFSZ: javaSignalHandler in libjvm.dylib, mask=11100110000111110111111111111111, flags=SA_RESTART|SA_SIGINFO
    SIGILL: crash_handler in libjvm.dylib, mask=11100110000111110111111111111111, flags=SA_RESTART|SA_SIGINFO
   SIGUSR2: SR_handler in libjvm.dylib, mask=00100000000000000000000000000000, flags=SA_RESTART|SA_SIGINFO
    SIGHUP: UserHandler in libjvm.dylib, mask=11100110000111110111111111111111, flags=SA_RESTART|SA_SIGINFO
    SIGINT: UserHandler in libjvm.dylib, mask=11100110000111110111111111111111, flags=SA_RESTART|SA_SIGINFO
   SIGTERM: UserHandler in libjvm.dylib, mask=11100110000111110111111111111111, flags=SA_RESTART|SA_SIGINFO
   SIGQUIT: UserHandler in libjvm.dylib, mask=11100110000111110111111111111111, flags=SA_RESTART|SA_SIGINFO
   SIGTRAP: crash_handler in libjvm.dylib, mask=11100110000111110111111111111111, flags=SA_RESTART|SA_SIGINFO

JNI global refs:
JNI global refs: 57, weak refs: 6868

JNI global refs memory usage: 69419, weak refs: 69417


---------------  S Y S T E M  ---------------

OS:
uname: Darwin 23.1.0 Darwin Kernel Version 23.1.0: Mon Oct  9 21:28:12 PDT 2023; root:xnu-10002.41.9~6/RELEASE_ARM64_T8103 arm64
OS uptime: 1 days 7:31 hours
rlimit (soft/hard): STACK 8176k/65520k , CORE 0k/infinity , NPROC 2666/4000 , NOFILE 10240/infinity , AS infinity/infinity , CPU infinity/infinity , DATA infinity/infinity , FSIZE infinity/infinity , MEMLOCK infinity/infinity , RSS infinity/infinity
load average: 4.08 2.94 2.59

CPU: total 8 (initial active 8) 0x61:0x0:0x1b588bb3:0, fp, simd, crc, lse

Memory: 16k page, physical 16777216k(58464k free), swap 4194304k(1155776k free)

vm_info: OpenJDK 64-Bit Server VM (17.0.6+0-17.0.6b829.9-10027231) for bsd-aarch64 JRE (17.0.6+0-17.0.6b829.9-10027231), built on Apr 27 2023 16:15:02 by "androidbuild" with clang Apple LLVM 13.0.0 (clang-1300.0.29.30)

END.
